id_utilisateur,nom_album,date_upload,duree,type_album
763,fringilla rhoncus mauris enim leo,1913-05-04,0:29:18,Compilation
358,ipsum dolor sit amet consectetuer adipiscing elit proin risus praesent,1935-07-09,0:28:49,Single
223,a nibh in quis justo maecenas,1928-07-09,0:45:54,Mixtape
489,lobortis ligula sit amet eleifend,1958-08-25,0:10:57,Mixtape
259,mauris viverra diam vitae quam suspendisse potenti nullam porttitor,1913-12-15,0:01:10,Single
438,curabitur convallis duis consequat dui nec nisi,1907-05-31,0:52:53,Single
723,consequat ut nulla sed accumsan felis ut at dolor quis,1950-03-05,0:05:59,Mixtape
804,nisi at nibh in hac habitasse platea dictumst aliquam,1995-03-25,0:34:55,Single
738,primis in faucibus orci luctus et ultrices posuere cubilia curae,1939-01-29,0:07:43,Mixtape
753,feugiat non pretium quis lectus suspendisse potenti in,1907-08-25,0:56:28,Album
914,justo pellentesque viverra pede ac diam cras,1918-10-31,0:27:44,Mixtape
999,maecenas rhoncus aliquam lacus morbi quis,2015-10-26,0:28:49,Album
819,velit eu est congue elementum in hac,2000-01-20,0:07:07,Compilation
244,eu magna vulputate luctus cum sociis natoque,1920-04-17,0:25:37,Compilation
903,vel accumsan tellus nisi eu,1994-03-05,0:24:57,Mixtape
79,mauris ullamcorper purus sit amet nulla quisque arcu libero,1914-10-10,0:29:26,Album
298,et eros vestibulum ac est lacinia nisi venenatis tristique,1973-04-29,0:08:21,Compilation
504,ut erat curabitur gravida nisi at,1954-07-11,0:52:11,Single
744,tortor quis turpis sed ante vivamus,1925-10-05,0:54:00,Mixtape
14,mus vivamus vestibulum sagittis sapien cum sociis natoque,1938-11-26,0:34:25,Mixtape
223,lorem ipsum dolor sit amet consectetuer adipiscing,1984-04-16,0:26:10,Mixtape
944,cras non velit nec nisi vulputate nonummy maecenas,2014-10-17,0:24:19,Mixtape
219,semper est quam pharetra magna,1927-06-28,0:44:18,EP
413,sagittis nam congue risus semper porta volutpat quam pede,1966-01-17,0:30:37,Single
613,sed tincidunt eu felis fusce,1930-07-20,0:35:08,Single
494,ultrices posuere cubilia curae donec,1930-03-21,0:12:13,Album
784,eleifend donec ut dolor morbi,1974-09-11,0:20:12,Mixtape
949,ut volutpat sapien arcu sed,1956-11-14,0:46:21,EP
793,eu est congue elementum in hac habitasse platea,1937-06-24,0:52:11,Album
243,condimentum id luctus nec molestie sed justo pellentesque,2020-05-18,0:49:06,Mixtape
853,dolor morbi vel lectus in quam,1925-05-25,0:57:31,Single
789,cubilia curae donec pharetra magna vestibulum aliquet ultrices,1918-07-01,0:04:55,Compilation
673,feugiat non pretium quis lectus suspendisse potenti in eleifend,1943-12-13,0:50:13,Mixtape
129,rhoncus mauris enim leo rhoncus,2017-04-20,0:06:37,Mixtape
483,et magnis dis parturient montes,1915-01-06,0:36:41,Album
979,duis consequat dui nec nisi volutpat eleifend donec ut,2021-08-02,0:13:18,Compilation
208,id turpis integer aliquet massa id lobortis,1948-09-27,0:45:30,EP
219,ridiculus mus vivamus vestibulum sagittis sapien,1916-01-27,0:24:53,Mixtape
239,placerat ante nulla justo aliquam quis turpis eget elit sodales,1915-05-05,0:53:08,Single
859,tortor id nulla ultrices aliquet maecenas,1916-02-25,0:13:43,Single
264,sed accumsan felis ut at dolor quis odio consequat varius,1964-03-20,0:11:09,Compilation
503,volutpat quam pede lobortis ligula sit,2004-03-18,0:46:22,Album
794,odio curabitur convallis duis consequat dui nec,1936-05-24,0:00:08,Compilation
833,mi pede malesuada in imperdiet et commodo vulputate,1937-01-24,0:12:47,EP
674,lectus vestibulum quam sapien varius ut blandit,2017-03-27,0:58:25,EP
853,non velit donec diam neque vestibulum,2017-09-09,0:28:58,EP
484,morbi quis tortor id nulla ultrices aliquet maecenas leo,2017-11-26,0:08:47,Mixtape
123,sit amet nunc viverra dapibus nulla suscipit ligula,1916-07-13,0:35:06,Album
833,nulla mollis molestie lorem quisque ut,1916-10-09,0:07:41,Compilation
133,non pretium quis lectus suspendisse,1985-05-16,0:04:47,Single
153,vulputate elementum nullam varius nulla facilisi cras non velit,2011-03-25,0:39:35,Mixtape
433,lorem quisque ut erat curabitur gravida nisi at nibh,1910-06-28,0:55:40,Album
313,congue vivamus metus arcu adipiscing molestie hendrerit at vulputate vitae,1903-10-16,0:30:02,Single
764,ultrices posuere cubilia curae nulla dapibus dolor vel est,1941-03-31,0:51:39,Single
459,id luctus nec molestie sed,1959-01-25,0:45:32,EP
289,molestie lorem quisque ut erat curabitur gravida nisi,1903-01-29,0:56:41,Compilation
873,pede venenatis non sodales sed,1913-01-28,0:13:24,EP
338,mattis odio donec vitae nisi nam,2002-05-28,0:15:29,Single
878,turpis donec posuere metus vitae ipsum aliquam non,1917-08-06,0:24:04,Single
879,luctus et ultrices posuere cubilia curae donec pharetra,2009-03-24,0:52:48,Album
968,morbi non quam nec dui luctus rutrum nulla,1900-09-18,0:42:17,Mixtape
519,praesent id massa id nisl,1997-03-03,0:58:58,Album
204,proin leo odio porttitor id consequat in consequat ut,2011-01-11,0:21:08,Single
29,felis donec semper sapien a libero,2008-04-03,0:45:25,Single
539,potenti cras in purus eu magna,1983-09-27,0:28:56,Album
564,venenatis non sodales sed tincidunt eu felis fusce posuere,1938-09-15,0:43:29,EP
854,at lorem integer tincidunt ante vel ipsum praesent blandit,2003-09-02,0:08:25,Mixtape
743,volutpat eleifend donec ut dolor morbi,1955-06-13,0:37:57,Album
784,curae donec pharetra magna vestibulum aliquet ultrices erat tortor sollicitudin,2018-04-09,0:36:03,Album
673,commodo vulputate justo in blandit ultrices enim lorem ipsum dolor,1956-02-10,0:39:15,EP
993,luctus cum sociis natoque penatibus et magnis dis parturient montes,1939-10-12,0:58:53,Single
48,luctus nec molestie sed justo pellentesque,1969-09-11,0:04:42,Compilation
209,suspendisse potenti nullam porttitor lacus at turpis donec posuere metus,1969-04-28,0:11:23,Album
833,amet cursus id turpis integer aliquet massa id,1979-05-09,0:27:26,Compilation
474,a nibh in quis justo,1954-09-03,0:10:32,Album
688,est congue elementum in hac,1945-12-13,0:33:07,Single
204,vestibulum velit id pretium iaculis diam erat fermentum,1910-04-30,0:30:39,Single
8,nisi vulputate nonummy maecenas tincidunt lacus at velit vivamus,1997-05-27,0:43:48,Single
284,sodales sed tincidunt eu felis fusce posuere felis sed lacus,1980-08-08,0:26:22,Compilation
34,aenean sit amet justo morbi ut odio cras mi pede,1909-09-01,0:24:17,EP
809,nisl nunc rhoncus dui vel sem sed sagittis,1901-10-26,0:31:57,Compilation
998,mus vivamus vestibulum sagittis sapien cum sociis natoque penatibus,1984-11-24,0:15:49,Single
453,curabitur at ipsum ac tellus semper interdum mauris ullamcorper,1926-05-24,0:58:26,Single
723,nisl aenean lectus pellentesque eget nunc donec quis,1996-05-04,0:44:36,Album
938,molestie sed justo pellentesque viverra pede ac diam cras,2022-02-18,0:22:06,Single
858,sapien dignissim vestibulum vestibulum ante,1936-08-27,0:37:49,Mixtape
793,odio elementum eu interdum eu,1943-06-10,0:31:17,EP
359,suspendisse potenti cras in purus eu magna vulputate luctus,1988-08-29,0:51:48,EP
768,turpis integer aliquet massa id lobortis convallis tortor risus,1927-01-02,0:51:58,Compilation
989,sit amet nulla quisque arcu libero rutrum ac lobortis vel,1923-03-22,0:11:51,EP
163,magna at nunc commodo placerat praesent blandit nam,2000-06-14,0:59:01,Single
913,eget eros elementum pellentesque quisque porta volutpat,1964-01-23,0:00:19,Compilation
688,congue diam id ornare imperdiet sapien urna pretium nisl,1998-04-25,0:09:04,Single
483,fermentum donec ut mauris eget,2001-06-29,0:51:33,Mixtape
78,eu mi nulla ac enim in,1985-01-03,0:14:43,Compilation
408,platea dictumst morbi vestibulum velit,2013-03-01,0:11:57,EP
954,eros elementum pellentesque quisque porta volutpat erat quisque,1908-10-25,0:00:59,EP
813,adipiscing elit proin interdum mauris,1994-05-11,0:18:05,Compilation
638,enim leo rhoncus sed vestibulum,2015-07-14,0:42:24,EP
218,et commodo vulputate justo in blandit,1986-06-23,0:09:24,Compilation
278,risus praesent lectus vestibulum quam sapien varius ut blandit non,1939-06-29,0:19:09,Album
924,quis odio consequat varius integer,1929-09-13,0:57:52,Mixtape
364,in magna bibendum imperdiet nullam orci pede,2000-08-11,0:54:44,Album
308,diam in magna bibendum imperdiet,1961-05-18,0:22:28,Compilation
209,nisl nunc nisl duis bibendum felis sed interdum venenatis,1998-06-17,0:26:14,Mixtape
419,tempus vel pede morbi porttitor lorem id,1938-05-21,0:53:09,Single
273,diam neque vestibulum eget vulputate ut ultrices vel,2014-11-30,0:42:21,Album
228,interdum eu tincidunt in leo maecenas pulvinar lobortis est,2005-03-02,0:12:33,Single
78,morbi quis tortor id nulla ultrices aliquet,1986-07-01,0:15:45,Compilation
563,parturient montes nascetur ridiculus mus vivamus vestibulum sagittis sapien,2018-05-15,0:59:32,Album
613,tincidunt nulla mollis molestie lorem,2015-12-24,0:13:44,Album
548,aliquam non mauris morbi non,2014-06-10,0:53:39,Mixtape
123,at diam nam tristique tortor eu,1914-03-12,0:39:17,Single
83,nascetur ridiculus mus vivamus vestibulum sagittis,1948-03-26,0:41:13,Mixtape
813,proin eu mi nulla ac,1941-12-21,0:40:13,EP
364,mus etiam vel augue vestibulum rutrum rutrum,2021-07-31,0:07:28,Mixtape
979,platea dictumst morbi vestibulum velit id pretium iaculis,1923-05-03,0:56:47,EP
794,amet consectetuer adipiscing elit proin interdum mauris non ligula pellentesque,1942-12-27,0:43:19,Compilation
773,odio curabitur convallis duis consequat dui,1971-07-13,0:42:05,Compilation
893,non quam nec dui luctus rutrum nulla tellus,1925-07-27,0:54:19,Album
209,ante vel ipsum praesent blandit lacinia,1920-10-05,0:19:26,EP
639,augue quam sollicitudin vitae consectetuer eget,1911-01-20,0:57:12,EP
669,a ipsum integer a nibh in quis,1935-09-10,0:37:45,Mixtape
808,bibendum morbi non quam nec dui luctus rutrum nulla,1958-01-09,0:21:45,Album
243,integer pede justo lacinia eget tincidunt eget tempus vel pede,1904-06-28,0:25:41,Compilation
49,eu magna vulputate luctus cum sociis natoque penatibus et magnis,2011-03-05,0:17:42,Mixtape
703,in felis donec semper sapien,1903-03-18,0:38:47,Single
863,massa id nisl venenatis lacinia aenean sit amet justo morbi,1907-08-28,0:02:14,EP
738,proin eu mi nulla ac enim in,1980-06-20,0:51:07,Compilation
248,eget rutrum at lorem integer tincidunt ante vel,1908-03-23,0:05:56,Single
958,ut volutpat sapien arcu sed,1954-07-05,0:09:32,Single
603,nulla elit ac nulla sed vel enim,2002-12-10,0:13:37,Compilation
94,primis in faucibus orci luctus et ultrices posuere,1948-01-24,0:19:31,Mixtape
814,et magnis dis parturient montes,1980-06-29,0:59:23,Compilation
344,justo pellentesque viverra pede ac diam cras pellentesque volutpat dui,1963-01-10,0:29:31,Album
429,imperdiet et commodo vulputate justo in blandit ultrices enim lorem,1987-12-01,0:03:25,Mixtape
223,in sagittis dui vel nisl duis ac nibh,1914-11-04,0:04:35,EP
379,rhoncus dui vel sem sed sagittis nam congue,2003-12-05,0:20:12,Compilation
169,lacus at turpis donec posuere metus vitae ipsum aliquam,2019-04-21,0:10:10,Album
34,vivamus vestibulum sagittis sapien cum sociis,1968-12-27,0:19:08,EP
344,iaculis congue vivamus metus arcu adipiscing,1908-04-10,0:25:31,Single
763,faucibus orci luctus et ultrices posuere cubilia curae,1970-06-15,0:52:57,Mixtape
383,pellentesque ultrices mattis odio donec vitae nisi nam ultrices,1977-05-08,0:28:16,Album
253,adipiscing elit proin interdum mauris non ligula,1990-12-21,0:01:49,Compilation
239,imperdiet sapien urna pretium nisl,1993-06-20,0:47:11,EP
149,a ipsum integer a nibh in quis justo maecenas rhoncus,2018-08-08,0:20:56,EP
493,in faucibus orci luctus et,1914-06-11,0:21:35,Compilation
189,nibh fusce lacus purus aliquet at,1995-10-31,0:07:44,EP
289,aenean lectus pellentesque eget nunc donec quis orci,1955-04-08,0:36:48,EP
544,velit eu est congue elementum in hac habitasse platea dictumst,1944-08-26,0:26:45,Mixtape
488,fusce consequat nulla nisl nunc nisl,1938-02-12,0:38:06,Mixtape
373,suscipit nulla elit ac nulla,1913-08-25,0:57:39,EP
838,in faucibus orci luctus et ultrices posuere cubilia curae,1948-06-21,0:42:59,Mixtape
124,amet nunc viverra dapibus nulla suscipit ligula in lacus curabitur,1970-11-09,0:06:24,Single
88,eros viverra eget congue eget semper rutrum nulla nunc,1956-09-07,0:07:02,EP
599,aliquam augue quam sollicitudin vitae consectetuer eget rutrum at,2007-10-20,0:17:48,EP
609,urna ut tellus nulla ut,1993-03-18,0:14:22,Compilation
493,ante vivamus tortor duis mattis egestas metus,1939-01-08,0:34:02,Compilation
684,nullam varius nulla facilisi cras non velit nec,1916-03-22,0:03:20,EP
249,pellentesque ultrices mattis odio donec vitae nisi nam,1900-11-06,0:59:02,Single
48,velit nec nisi vulputate nonummy maecenas tincidunt lacus at,1978-03-29,0:05:43,Mixtape
349,nec condimentum neque sapien placerat ante,1919-09-30,0:56:32,Mixtape
654,integer pede justo lacinia eget tincidunt eget tempus vel,1911-05-01,0:49:26,Compilation
969,sem sed sagittis nam congue risus,1905-08-30,0:50:10,Mixtape
139,interdum in ante vestibulum ante ipsum primis in faucibus orci,1907-06-23,0:43:05,Album
933,ante ipsum primis in faucibus orci luctus et ultrices posuere,1948-11-03,0:13:23,EP
358,primis in faucibus orci luctus et ultrices posuere cubilia,2021-02-03,0:34:55,Single
309,congue eget semper rutrum nulla nunc purus phasellus,1947-07-08,0:41:30,Album
838,elit proin risus praesent lectus vestibulum quam sapien varius ut,1991-12-29,0:12:20,Album
259,at ipsum ac tellus semper interdum mauris ullamcorper purus,1936-09-29,0:15:44,Album
564,rutrum nulla tellus in sagittis dui,1930-06-30,0:57:49,Compilation
433,bibendum imperdiet nullam orci pede venenatis non,1964-12-23,0:00:03,Mixtape
919,in faucibus orci luctus et,1975-06-04,0:10:54,Album
219,primis in faucibus orci luctus et ultrices posuere cubilia,1918-03-12,0:08:26,EP
624,nec condimentum neque sapien placerat ante nulla,1917-08-09,0:34:06,Compilation
738,a odio in hac habitasse platea dictumst maecenas ut massa,1938-08-23,0:23:57,EP
508,tincidunt lacus at velit vivamus,1945-01-19,0:35:52,Single
34,sit amet diam in magna bibendum imperdiet nullam,1918-03-19,0:10:34,Single
703,cursus urna ut tellus nulla ut erat id mauris,1965-03-09,0:25:53,EP
759,egestas metus aenean fermentum donec ut mauris eget massa,1924-02-19,0:21:25,Mixtape
333,posuere cubilia curae mauris viverra diam vitae quam suspendisse,1988-03-17,0:23:07,EP
108,aliquam lacus morbi quis tortor id nulla,1916-07-31,0:00:11,Mixtape
868,ipsum dolor sit amet consectetuer adipiscing,1953-02-20,0:53:34,Mixtape
833,turpis enim blandit mi in porttitor,1934-07-19,0:36:42,Album
674,luctus nec molestie sed justo pellentesque viverra pede,2005-08-02,0:29:08,Compilation
304,at nibh in hac habitasse platea dictumst aliquam augue quam,1959-04-28,0:58:38,EP
969,odio odio elementum eu interdum eu tincidunt in,1998-10-21,0:11:31,Single
329,magna bibendum imperdiet nullam orci pede venenatis,1992-02-06,0:54:23,Compilation
973,luctus et ultrices posuere cubilia curae donec pharetra magna vestibulum,1998-06-03,0:54:37,Album
443,in faucibus orci luctus et ultrices posuere cubilia curae,1909-05-08,0:01:20,Album
579,sollicitudin vitae consectetuer eget rutrum at lorem integer,2006-07-05,0:47:56,Compilation
778,ut massa volutpat convallis morbi odio odio,2014-03-22,0:15:43,Mixtape
79,leo rhoncus sed vestibulum sit,1997-11-07,0:25:52,Compilation
889,sollicitudin ut suscipit a feugiat et,1940-03-05,0:38:59,Compilation
523,molestie nibh in lectus pellentesque at nulla suspendisse potenti cras,1923-08-31,0:03:59,Mixtape
413,accumsan odio curabitur convallis duis consequat dui,1983-01-30,0:23:53,EP
33,quis lectus suspendisse potenti in,1928-01-23,0:17:02,Single
193,eget tincidunt eget tempus vel,1930-02-14,0:02:28,Single
174,et magnis dis parturient montes,1953-02-24,0:29:46,EP
273,nunc rhoncus dui vel sem sed sagittis nam congue,1992-03-10,0:51:48,Compilation
209,eu nibh quisque id justo sit amet sapien,2020-06-22,0:06:52,Album
718,libero non mattis pulvinar nulla pede ullamcorper augue a suscipit,2000-08-16,0:56:51,Mixtape
423,vitae ipsum aliquam non mauris morbi non lectus aliquam,1948-06-28,0:00:26,Mixtape
904,consequat metus sapien ut nunc vestibulum ante ipsum primis,1939-07-16,0:40:55,EP
228,congue vivamus metus arcu adipiscing molestie,1977-02-17,0:54:07,Compilation
254,gravida sem praesent id massa id nisl venenatis lacinia aenean,1988-08-04,0:19:36,Single
193,et ultrices posuere cubilia curae,2021-11-15,0:59:21,Album
849,erat id mauris vulputate elementum nullam,1916-10-17,0:20:50,Compilation
333,ultrices libero non mattis pulvinar,1932-04-04,0:06:31,Compilation
204,mauris enim leo rhoncus sed vestibulum sit amet cursus id,2010-10-17,0:02:25,EP
249,fringilla rhoncus mauris enim leo rhoncus sed vestibulum,1916-12-28,0:03:27,Mixtape
63,auctor gravida sem praesent id massa id,1926-09-06,0:34:18,Single
218,lectus pellentesque at nulla suspendisse potenti cras in purus,2004-05-29,0:54:17,Compilation
699,eu magna vulputate luctus cum sociis natoque penatibus,1941-07-26,0:48:10,EP
773,massa id nisl venenatis lacinia aenean sit,2017-03-19,0:47:53,Album
278,cras pellentesque volutpat dui maecenas tristique est et,1991-12-17,0:43:06,Compilation
878,neque aenean auctor gravida sem praesent id massa id nisl,1935-05-10,0:24:37,EP
664,porttitor id consequat in consequat ut nulla,1948-10-15,0:36:52,Compilation
793,sed tincidunt eu felis fusce posuere felis,2013-09-30,0:39:15,Single
139,enim lorem ipsum dolor sit amet,1986-06-29,0:15:40,Compilation
339,viverra pede ac diam cras pellentesque volutpat,1949-06-11,0:39:52,Single
503,vel nulla eget eros elementum pellentesque quisque porta,1920-10-15,0:00:38,Mixtape
824,donec posuere metus vitae ipsum,2015-02-26,0:43:24,EP
154,lobortis convallis tortor risus dapibus augue vel accumsan,1955-12-22,0:02:47,Single
148,purus eu magna vulputate luctus cum sociis natoque,1950-06-05,0:47:03,Album
769,nunc donec quis orci eget orci vehicula,1915-03-31,0:36:28,Mixtape
199,blandit nam nulla integer pede justo lacinia eget,1903-02-08,0:17:48,Compilation
539,eu interdum eu tincidunt in leo maecenas pulvinar lobortis,1945-03-14,0:07:41,Mixtape
54,pellentesque eget nunc donec quis,1944-12-22,0:00:38,Album
519,metus aenean fermentum donec ut mauris,2021-02-26,0:30:22,Compilation
28,nunc proin at turpis a,2009-11-03,0:39:34,Compilation
554,aenean sit amet justo morbi ut,1923-10-08,0:21:18,Compilation
8,sed sagittis nam congue risus semper,1921-09-18,0:53:30,Single
479,vivamus metus arcu adipiscing molestie hendrerit at vulputate,1939-06-07,0:43:17,Mixtape
999,commodo placerat praesent blandit nam nulla,1922-07-04,0:39:26,Compilation
253,eu nibh quisque id justo,1903-01-07,0:09:57,Album
418,nonummy maecenas tincidunt lacus at velit vivamus vel,1923-06-17,0:21:25,EP
528,arcu adipiscing molestie hendrerit at vulputate vitae nisl,1900-11-25,0:02:48,Album
529,erat fermentum justo nec condimentum,1956-12-07,0:51:27,Compilation
333,aliquam sit amet diam in magna bibendum imperdiet,1966-04-22,0:15:51,EP
534,morbi non lectus aliquam sit amet diam in magna bibendum,1970-08-05,0:34:50,Mixtape
94,dolor vel est donec odio justo sollicitudin ut suscipit a,1970-01-13,0:45:06,EP
359,ultrices mattis odio donec vitae nisi nam ultrices,2003-06-28,0:56:17,Single
864,vel est donec odio justo sollicitudin ut suscipit a feugiat,1938-10-11,0:13:55,Album
978,id luctus nec molestie sed justo pellentesque,1941-07-28,0:14:16,EP
903,tortor risus dapibus augue vel accumsan tellus nisi eu orci,1913-02-23,0:44:48,Compilation
748,sed interdum venenatis turpis enim blandit mi in,1940-09-08,0:51:46,Album
524,magna vulputate luctus cum sociis natoque penatibus et magnis dis,1983-05-22,0:10:12,Album
219,curabitur convallis duis consequat dui nec nisi volutpat eleifend,1998-02-12,0:14:46,Mixtape
514,quis justo maecenas rhoncus aliquam lacus morbi quis tortor,1982-06-14,0:28:50,Single
569,pulvinar nulla pede ullamcorper augue a suscipit nulla elit,1902-11-17,0:49:09,Mixtape
159,tincidunt eget tempus vel pede morbi porttitor,1940-08-20,0:22:18,Single
799,mattis pulvinar nulla pede ullamcorper augue a,1910-06-11,0:43:48,Mixtape
553,odio elementum eu interdum eu,1948-06-26,0:13:31,EP
988,viverra dapibus nulla suscipit ligula in,1928-11-19,0:12:18,Album
388,convallis nulla neque libero convallis eget eleifend,1999-12-15,0:54:30,EP
269,varius nulla facilisi cras non velit,2007-11-20,0:06:33,Mixtape
824,condimentum neque sapien placerat ante nulla justo aliquam,1968-08-17,0:23:52,EP
639,sed nisl nunc rhoncus dui vel sem sed sagittis,1981-08-04,0:37:28,Mixtape
134,duis aliquam convallis nunc proin at turpis,1944-11-05,0:42:10,Mixtape
654,velit nec nisi vulputate nonummy maecenas tincidunt lacus,1991-05-25,0:24:12,Album
448,in faucibus orci luctus et,1988-11-27,0:20:51,Single
283,et magnis dis parturient montes nascetur ridiculus mus vivamus vestibulum,1957-12-26,0:41:46,Compilation
324,pulvinar nulla pede ullamcorper augue a suscipit nulla,2016-04-16,0:02:26,Compilation
9,rutrum at lorem integer tincidunt ante vel ipsum praesent blandit,1987-09-23,0:22:37,Compilation
359,duis bibendum morbi non quam nec dui luctus rutrum nulla,2014-05-06,0:54:27,Single
158,cras in purus eu magna,2005-08-23,0:03:56,Album
504,velit id pretium iaculis diam erat,1923-03-02,0:30:55,EP
509,curabitur convallis duis consequat dui,1975-03-22,0:47:47,Single
669,eget nunc donec quis orci eget orci vehicula,1909-11-02,0:44:17,Compilation
438,justo pellentesque viverra pede ac,1970-12-15,0:23:36,Single
623,id ligula suspendisse ornare consequat lectus in,2008-12-30,0:10:45,Compilation
24,vitae consectetuer eget rutrum at lorem integer tincidunt ante,1996-05-21,0:12:57,Album
109,ultricies eu nibh quisque id justo sit amet sapien,1943-03-10,0:06:13,Single
594,venenatis non sodales sed tincidunt eu felis,1933-11-09,0:02:46,Compilation
663,lobortis est phasellus sit amet,1981-05-05,0:38:43,Single
434,pede justo eu massa donec dapibus duis,1994-07-19,0:50:07,Compilation
19,nulla mollis molestie lorem quisque,1939-08-24,0:50:12,Album
588,nulla integer pede justo lacinia eget tincidunt eget tempus vel,1955-10-25,0:12:08,Mixtape
269,sit amet eleifend pede libero quis orci nullam molestie,1985-07-30,0:41:09,EP
399,id pretium iaculis diam erat fermentum justo,1901-09-23,0:17:52,Album
349,mattis egestas metus aenean fermentum donec ut mauris,1999-05-12,0:26:10,Album
768,habitasse platea dictumst aliquam augue quam sollicitudin vitae consectetuer,1952-03-15,0:48:58,Album
573,dapibus augue vel accumsan tellus nisi eu,1943-11-26,0:59:08,Album
644,erat volutpat in congue etiam justo etiam pretium iaculis,1960-11-24,0:12:05,Compilation
679,dolor quis odio consequat varius integer ac,1919-10-20,0:44:15,Album
694,augue luctus tincidunt nulla mollis molestie lorem quisque,1911-03-06,0:31:40,EP
508,rutrum at lorem integer tincidunt ante,1963-06-22,0:11:25,Mixtape
793,praesent blandit lacinia erat vestibulum sed magna at nunc,2010-09-08,0:09:27,Album
129,pede libero quis orci nullam molestie,1917-01-08,0:25:24,Album
713,cras mi pede malesuada in imperdiet et commodo,1990-10-05,0:48:23,Mixtape
383,tortor id nulla ultrices aliquet maecenas leo odio condimentum,1975-07-13,0:54:33,Mixtape
733,purus eu magna vulputate luctus cum sociis natoque,2011-11-04,0:23:02,Compilation
399,curae donec pharetra magna vestibulum aliquet ultrices erat,1927-09-12,0:12:57,Single
708,nunc commodo placerat praesent blandit nam nulla integer pede justo,1924-12-29,0:48:34,Album
88,maecenas pulvinar lobortis est phasellus sit,2015-07-28,0:39:23,Mixtape
204,in eleifend quam a odio in,1925-12-26,0:28:05,Compilation
323,nulla quisque arcu libero rutrum ac lobortis vel dapibus,1908-12-21,0:18:59,Compilation
448,lorem vitae mattis nibh ligula nec sem duis aliquam,1946-01-09,0:44:09,Compilation
63,nisi vulputate nonummy maecenas tincidunt lacus at velit vivamus vel,1921-01-17,0:55:17,Compilation
559,dolor sit amet consectetuer adipiscing elit,2018-05-16,0:38:49,Single
513,ac nibh fusce lacus purus,1920-05-07,0:38:46,Album
658,erat vestibulum sed magna at nunc commodo placerat,1950-03-29,0:02:42,Mixtape
299,porttitor pede justo eu massa donec,2010-06-05,0:44:18,EP
834,ornare consequat lectus in est risus auctor sed tristique in,1931-08-03,0:11:38,Single
609,tempor convallis nulla neque libero convallis eget,1953-01-15,0:50:10,EP
858,facilisi cras non velit nec nisi vulputate nonummy,2017-07-23,0:06:59,Single
638,cum sociis natoque penatibus et magnis dis parturient,1917-09-01,0:30:33,Compilation
248,cubilia curae nulla dapibus dolor vel est donec odio,1948-12-10,0:58:16,EP
544,morbi ut odio cras mi pede malesuada in imperdiet et,1924-09-06,0:34:01,Single
759,donec pharetra magna vestibulum aliquet ultrices erat tortor,1901-08-21,0:31:39,EP
33,rhoncus dui vel sem sed,2000-07-13,0:00:09,EP
344,turpis adipiscing lorem vitae mattis nibh ligula nec sem duis,1920-04-13,0:09:51,Mixtape
524,dictumst etiam faucibus cursus urna ut tellus nulla,1948-06-05,0:20:15,Mixtape
633,convallis eget eleifend luctus ultricies eu nibh quisque id,1926-10-01,0:52:37,Single
34,morbi quis tortor id nulla ultrices aliquet maecenas leo odio,1949-11-07,0:00:12,Compilation
209,habitasse platea dictumst aliquam augue quam sollicitudin vitae,1995-05-12,0:18:02,Mixtape
873,pulvinar lobortis est phasellus sit,1933-03-08,0:40:14,EP
879,augue vestibulum ante ipsum primis in faucibus orci luctus,1917-01-25,0:25:52,Compilation
163,tincidunt eu felis fusce posuere felis sed lacus,1992-11-09,0:35:58,Album
544,tempus semper est quam pharetra magna ac consequat metus,2002-11-11,0:17:14,Compilation
48,vel ipsum praesent blandit lacinia erat,1991-08-12,0:13:02,Album
858,vivamus tortor duis mattis egestas metus aenean,1995-08-02,0:56:46,Album
34,nulla tempus vivamus in felis eu sapien,1988-12-30,0:21:59,Single
738,eget elit sodales scelerisque mauris sit amet,1995-04-10,0:13:54,Compilation
43,interdum eu tincidunt in leo maecenas pulvinar,1941-08-16,0:38:25,Single
463,ante ipsum primis in faucibus orci luctus et,1989-10-16,0:15:34,EP
864,vel est donec odio justo sollicitudin,1962-02-22,0:38:15,Compilation
694,sapien iaculis congue vivamus metus arcu adipiscing molestie hendrerit at,1913-05-28,0:26:12,Mixtape
63,quis odio consequat varius integer ac leo pellentesque ultrices,1946-12-17,0:44:27,EP
503,in felis eu sapien cursus vestibulum proin eu mi nulla,2000-02-08,0:54:49,Single
313,ac est lacinia nisi venenatis tristique fusce congue diam,1966-03-10,0:59:04,Mixtape
24,hac habitasse platea dictumst aliquam augue quam sollicitudin vitae consectetuer,1933-04-30,0:43:36,Single
768,lacinia nisi venenatis tristique fusce congue,1964-10-28,0:13:26,Compilation
664,semper porta volutpat quam pede lobortis ligula sit amet eleifend,2004-10-05,0:26:30,EP
283,ut tellus nulla ut erat,2008-08-29,0:18:45,Single
314,lacus morbi sem mauris laoreet ut rhoncus aliquet pulvinar,1975-06-04,0:20:08,EP
588,suspendisse ornare consequat lectus in est risus auctor sed,1964-01-10,0:29:08,EP
694,eu nibh quisque id justo sit,2003-04-22,0:27:29,Mixtape
639,ligula vehicula consequat morbi a ipsum integer a,2014-08-24,0:26:09,Album
888,sapien dignissim vestibulum vestibulum ante ipsum primis in faucibus,1979-01-26,0:15:10,Album
334,vel enim sit amet nunc viverra,1962-11-20,0:41:47,Mixtape
818,at vulputate vitae nisl aenean,2001-01-02,0:49:13,Single
838,nulla mollis molestie lorem quisque ut erat curabitur gravida,1923-09-30,0:00:32,Compilation
723,ac tellus semper interdum mauris ullamcorper purus sit amet nulla,1929-07-25,0:00:38,Album
998,nullam varius nulla facilisi cras non velit,1944-01-03,0:18:41,Single
903,eu mi nulla ac enim in,2014-06-11,0:52:55,Single
359,morbi sem mauris laoreet ut rhoncus aliquet pulvinar,1949-02-02,0:18:19,Album
868,ut rhoncus aliquet pulvinar sed nisl nunc rhoncus,1967-06-01,0:24:15,Album
228,quam sollicitudin vitae consectetuer eget rutrum,2007-05-21,0:59:44,Album
718,lectus suspendisse potenti in eleifend quam a odio,1947-02-08,0:21:02,Mixtape
774,ridiculus mus vivamus vestibulum sagittis sapien cum,1972-08-16,0:26:47,EP
233,imperdiet nullam orci pede venenatis non,1918-09-19,0:52:08,Album
503,enim blandit mi in porttitor,1972-10-15,0:13:02,Album
888,consequat varius integer ac leo pellentesque ultrices mattis,1928-02-18,0:30:53,Mixtape
4,orci luctus et ultrices posuere,1967-09-27,0:14:39,Mixtape
404,vestibulum ante ipsum primis in faucibus orci luctus,1994-06-13,0:25:27,Compilation
78,integer tincidunt ante vel ipsum praesent blandit lacinia,1972-08-26,0:58:13,Compilation
914,odio justo sollicitudin ut suscipit a feugiat et,1988-06-18,0:29:44,EP
613,arcu sed augue aliquam erat volutpat,1962-11-17,0:51:16,Album
183,lectus in est risus auctor,2008-07-27,0:43:41,Mixtape
169,accumsan tortor quis turpis sed ante vivamus tortor duis,2016-02-11,0:05:45,EP
964,sed tristique in tempus sit,1902-07-01,0:17:03,Compilation
74,pede posuere nonummy integer non,1966-08-12,0:17:17,EP
494,sed vel enim sit amet nunc viverra dapibus,1946-06-06,0:39:19,Compilation
514,aliquam non mauris morbi non lectus,1911-05-13,0:40:01,EP
223,quis libero nullam sit amet,1921-10-08,0:05:54,Mixtape
143,ultrices posuere cubilia curae donec pharetra magna,1916-05-19,0:18:28,EP
758,augue a suscipit nulla elit ac nulla sed vel,1939-03-07,0:52:32,Album
658,justo aliquam quis turpis eget,1905-01-01,0:43:45,Compilation
464,dui vel sem sed sagittis nam congue,1952-01-01,0:24:50,Mixtape
978,ante nulla justo aliquam quis turpis,2001-12-10,0:49:26,Compilation
183,ac diam cras pellentesque volutpat,1992-04-11,0:56:38,EP
624,nisi eu orci mauris lacinia sapien quis libero nullam sit,1974-05-26,0:10:47,Compilation
404,elementum nullam varius nulla facilisi cras non velit nec,1922-06-15,0:06:21,Album
624,morbi odio odio elementum eu,1975-10-11,0:14:00,EP
809,urna pretium nisl ut volutpat,1986-12-27,0:50:06,EP
433,cursus urna ut tellus nulla ut erat id mauris,1959-10-12,0:40:26,Compilation
588,nibh in hac habitasse platea dictumst aliquam,1930-04-24,0:11:24,Mixtape
249,ac leo pellentesque ultrices mattis odio,2015-09-11,0:31:04,Album
993,in felis eu sapien cursus vestibulum proin,1979-04-17,0:48:48,Single
878,pretium iaculis diam erat fermentum justo,2017-06-17,0:04:13,EP
993,elementum nullam varius nulla facilisi cras non velit nec,1940-10-24,0:13:57,EP
813,justo morbi ut odio cras mi pede malesuada in,2017-10-23,0:26:56,Mixtape
78,ligula vehicula consequat morbi a ipsum integer a nibh in,1935-11-20,0:42:10,Compilation
649,porttitor pede justo eu massa,1909-01-12,0:23:49,Compilation
474,posuere cubilia curae donec pharetra magna vestibulum aliquet ultrices,2003-10-31,0:50:06,Compilation
679,integer non velit donec diam neque vestibulum eget vulputate,1931-03-03,0:30:23,Compilation
889,suspendisse potenti cras in purus eu magna,1967-09-25,0:26:36,EP
609,pellentesque at nulla suspendisse potenti cras in,2016-04-29,0:19:19,Compilation
124,lobortis sapien sapien non mi integer,1961-11-22,0:38:24,EP
969,posuere cubilia curae nulla dapibus,1979-03-26,0:01:23,Mixtape
773,iaculis justo in hac habitasse,1948-03-18,0:36:27,Mixtape
149,nunc proin at turpis a pede posuere nonummy integer non,2019-08-07,0:08:01,Single
429,nulla sed accumsan felis ut at dolor quis odio consequat,1933-07-18,0:25:54,Mixtape
854,magnis dis parturient montes nascetur ridiculus mus vivamus vestibulum sagittis,1949-08-13,0:20:22,Mixtape
674,cras mi pede malesuada in imperdiet et commodo vulputate,1911-07-05,0:13:29,EP
574,id justo sit amet sapien,1936-05-19,0:25:15,Single
674,rutrum rutrum neque aenean auctor gravida sem praesent,1938-03-12,0:01:15,EP
493,cubilia curae mauris viverra diam,2020-05-17,0:31:43,Album
99,penatibus et magnis dis parturient montes nascetur ridiculus,2007-06-26,0:11:33,Album
174,faucibus orci luctus et ultrices,1936-12-03,0:42:52,EP
853,ultrices posuere cubilia curae donec pharetra,1988-10-28,0:22:10,Single
254,neque aenean auctor gravida sem praesent id massa id nisl,1932-11-24,0:04:44,Album
68,non ligula pellentesque ultrices phasellus id sapien in,1952-07-04,0:04:48,Mixtape
134,nulla ac enim in tempor turpis,1956-07-16,0:34:34,EP
643,nulla ut erat id mauris vulputate elementum nullam varius nulla,1914-01-25,0:10:10,Album
189,felis donec semper sapien a libero nam dui proin leo,1920-04-13,0:06:47,Album
423,justo nec condimentum neque sapien placerat ante nulla,1996-08-20,0:25:36,Single
973,turpis adipiscing lorem vitae mattis nibh ligula nec sem,1929-08-03,0:11:32,EP
669,eget rutrum at lorem integer tincidunt ante vel ipsum praesent,1909-01-21,0:39:38,Single
749,blandit ultrices enim lorem ipsum,1978-06-19,0:31:06,Album
963,viverra pede ac diam cras pellentesque,1985-04-23,0:02:04,EP
703,posuere cubilia curae duis faucibus accumsan,1938-10-13,0:07:54,Single
174,sem praesent id massa id nisl venenatis lacinia aenean sit,1908-10-28,0:25:26,Compilation
283,adipiscing lorem vitae mattis nibh ligula nec sem duis aliquam,1936-04-20,0:28:43,Album
173,sit amet consectetuer adipiscing elit proin interdum mauris non,1958-06-11,0:40:37,Album
544,ipsum primis in faucibus orci luctus et ultrices posuere cubilia,1989-12-04,0:04:37,EP
424,posuere cubilia curae mauris viverra diam,1931-03-23,0:33:53,Single
309,aenean fermentum donec ut mauris eget massa tempor convallis,1915-02-08,0:09:33,Album
783,ante ipsum primis in faucibus orci,1932-07-05,0:53:59,Single
173,vivamus in felis eu sapien cursus vestibulum proin,1913-10-09,0:58:04,Compilation
414,odio odio elementum eu interdum eu,1923-02-24,0:35:06,Album
99,quis orci eget orci vehicula condimentum curabitur in libero ut,1922-05-18,0:41:50,Album
429,ante vel ipsum praesent blandit lacinia,1908-02-01,0:42:30,EP
634,luctus tincidunt nulla mollis molestie lorem quisque ut,1929-01-18,0:43:17,EP
378,ipsum primis in faucibus orci luctus et ultrices posuere cubilia,2003-01-30,0:08:45,Album
648,sapien iaculis congue vivamus metus arcu adipiscing molestie hendrerit at,2006-06-18,0:32:13,Mixtape
909,iaculis congue vivamus metus arcu,1937-11-13,0:03:13,EP
104,eu est congue elementum in hac habitasse,2018-06-30,0:04:53,Mixtape
174,sed ante vivamus tortor duis mattis egestas metus aenean,2013-09-10,0:31:39,Compilation
89,pretium quis lectus suspendisse potenti in eleifend quam a,1946-12-10,0:00:35,Album
484,morbi vel lectus in quam fringilla rhoncus mauris enim,1971-04-05,0:09:12,Mixtape
689,nam dui proin leo odio porttitor,1953-05-13,0:38:20,EP
129,pretium nisl ut volutpat sapien arcu sed,1986-03-26,0:34:18,Compilation
693,non mauris morbi non lectus aliquam sit,1920-01-28,0:29:05,Mixtape
879,ligula vehicula consequat morbi a ipsum integer,2011-01-25,0:30:18,Album
643,iaculis diam erat fermentum justo nec,1974-09-10,0:30:34,EP
988,molestie nibh in lectus pellentesque,1961-05-12,0:15:41,Compilation
129,at velit vivamus vel nulla eget,1942-02-01,0:57:57,EP
569,venenatis lacinia aenean sit amet justo morbi ut odio,1935-09-18,0:07:18,EP
39,lectus vestibulum quam sapien varius,1913-03-20,0:32:20,Mixtape
233,ante ipsum primis in faucibus orci luctus,2020-03-09,0:10:16,EP
549,sapien non mi integer ac neque duis,2009-05-15,0:45:23,Album
328,platea dictumst aliquam augue quam sollicitudin,1978-10-21,0:21:36,Mixtape
748,cursus urna ut tellus nulla,2004-08-25,0:54:00,Single
129,massa donec dapibus duis at velit,1966-09-06,0:36:19,Single
118,tincidunt nulla mollis molestie lorem quisque ut erat,1939-04-27,0:24:55,EP
73,quam suspendisse potenti nullam porttitor lacus at turpis donec posuere,1989-10-23,0:45:28,Album
198,sapien ut nunc vestibulum ante ipsum primis in faucibus orci,2008-01-01,0:20:13,Mixtape
319,nulla integer pede justo lacinia eget tincidunt eget,1913-09-25,0:42:44,EP
853,neque sapien placerat ante nulla justo,1921-05-19,0:48:14,Mixtape
678,curabitur convallis duis consequat dui,1965-06-09,0:38:04,EP
414,luctus et ultrices posuere cubilia curae nulla dapibus dolor vel,1966-08-14,0:41:57,Album
673,odio odio elementum eu interdum eu tincidunt in leo,1958-10-12,0:33:32,Single
799,lorem vitae mattis nibh ligula nec sem duis,1978-01-24,0:21:38,EP
509,amet justo morbi ut odio cras,1959-11-28,0:29:36,Mixtape
984,pretium iaculis justo in hac habitasse,1957-04-13,0:16:09,Mixtape
804,pede morbi porttitor lorem id,1942-05-23,0:27:55,Album
253,non lectus aliquam sit amet,1946-07-01,0:21:34,Single
984,est quam pharetra magna ac consequat metus sapien ut nunc,1906-01-23,0:26:07,Single
294,mattis egestas metus aenean fermentum donec ut,1995-08-05,0:54:08,EP
838,cursus vestibulum proin eu mi,1912-07-28,0:26:31,EP
79,eget semper rutrum nulla nunc purus phasellus in felis,1951-09-21,0:59:37,Mixtape
654,congue diam id ornare imperdiet sapien urna pretium nisl ut,2005-02-22,0:13:46,EP
739,sit amet justo morbi ut odio,1939-10-18,0:48:16,Compilation
673,vestibulum eget vulputate ut ultrices vel,1984-09-28,0:28:00,Compilation
53,porttitor lorem id ligula suspendisse ornare consequat lectus,1914-08-27,0:15:52,Single
634,scelerisque mauris sit amet eros suspendisse accumsan,1900-08-03,0:21:18,EP
569,maecenas leo odio condimentum id,1996-02-25,0:54:27,EP
769,feugiat et eros vestibulum ac est lacinia nisi venenatis tristique,1950-02-06,0:24:02,Compilation
648,nec condimentum neque sapien placerat,2000-08-06,0:37:40,Compilation
198,lacinia sapien quis libero nullam sit amet turpis,2001-01-22,0:15:01,Single
193,lacus curabitur at ipsum ac tellus,2015-01-15,0:28:14,Single
224,nibh quisque id justo sit amet sapien dignissim vestibulum,1950-06-14,0:53:58,Album
198,accumsan odio curabitur convallis duis consequat dui nec nisi,1998-06-05,0:17:51,Mixtape
338,dolor vel est donec odio justo sollicitudin ut suscipit a,2000-12-30,0:07:15,Mixtape
509,ipsum dolor sit amet consectetuer adipiscing elit proin interdum,2015-06-25,0:20:25,Compilation
354,pretium iaculis diam erat fermentum justo nec condimentum,1936-05-12,0:05:33,Compilation
283,vestibulum ante ipsum primis in faucibus orci,1957-08-17,0:20:38,Album
449,dapibus dolor vel est donec,1923-03-25,0:39:55,Compilation
833,posuere metus vitae ipsum aliquam non mauris morbi non,1980-05-11,0:03:42,Single
653,vitae consectetuer eget rutrum at,2019-03-28,0:27:04,Mixtape
743,sodales scelerisque mauris sit amet eros suspendisse,1920-03-09,0:24:59,Mixtape
649,turpis adipiscing lorem vitae mattis nibh ligula,2016-02-23,0:18:33,Album
169,ligula vehicula consequat morbi a ipsum integer a nibh in,1977-12-27,0:09:10,Mixtape
258,eu massa donec dapibus duis at velit eu est congue,1906-12-02,0:52:19,Compilation
918,vestibulum velit id pretium iaculis diam erat fermentum,1966-06-20,0:38:48,EP
478,dui proin leo odio porttitor id consequat,1999-09-02,0:39:43,Single
64,euismod scelerisque quam turpis adipiscing lorem vitae mattis,1981-10-05,0:27:24,Single
728,a libero nam dui proin leo odio,1914-12-23,0:40:03,Compilation
954,sapien cursus vestibulum proin eu mi nulla ac enim in,1917-04-06,0:58:13,Mixtape
459,est lacinia nisi venenatis tristique fusce,2009-01-08,0:38:38,Single
669,rutrum rutrum neque aenean auctor,1946-07-01,0:08:35,Album
624,in congue etiam justo etiam,2012-10-16,0:32:30,Single
794,lectus in quam fringilla rhoncus mauris enim leo,1957-10-15,0:19:09,Mixtape
788,consectetuer adipiscing elit proin risus,1945-01-16,0:28:49,Album
858,lorem ipsum dolor sit amet,1980-05-20,0:23:10,Album
68,in faucibus orci luctus et ultrices posuere cubilia curae,1948-07-11,0:28:37,Mixtape
954,iaculis diam erat fermentum justo nec condimentum,1922-10-01,0:58:51,Mixtape
473,id luctus nec molestie sed,1947-05-17,0:18:36,Mixtape
329,eget elit sodales scelerisque mauris sit amet eros suspendisse,2007-07-06,0:23:01,Mixtape
499,augue vestibulum ante ipsum primis in,1930-11-18,0:50:38,EP
448,ut ultrices vel augue vestibulum ante ipsum primis in,2022-10-31,0:04:33,Compilation
23,ante vestibulum ante ipsum primis in faucibus orci luctus et,2019-03-21,0:20:04,Single
849,suspendisse potenti cras in purus eu magna vulputate luctus,1985-07-02,0:21:59,EP
743,morbi a ipsum integer a,1981-02-28,0:09:41,Album
418,aenean sit amet justo morbi ut,1986-10-17,0:05:48,Album
559,posuere cubilia curae mauris viverra diam vitae,2022-03-29,0:23:00,Compilation
234,ut at dolor quis odio,1959-01-02,0:22:54,Single
979,faucibus orci luctus et ultrices posuere cubilia curae nulla dapibus,1990-10-23,0:04:35,Mixtape
329,quisque id justo sit amet sapien dignissim vestibulum,1974-12-06,0:46:48,Compilation
993,amet eros suspendisse accumsan tortor quis turpis sed ante,1901-11-19,0:10:22,EP
258,eu nibh quisque id justo sit amet sapien,1927-08-08,0:58:35,Compilation
468,justo etiam pretium iaculis justo in hac habitasse,1915-04-24,0:32:15,Album
949,ullamcorper augue a suscipit nulla elit ac,1919-08-13,0:28:29,EP
218,sapien in sapien iaculis congue,1954-09-17,0:47:33,Mixtape
754,integer non velit donec diam neque vestibulum eget vulputate ut,1925-07-13,0:38:47,EP
969,adipiscing lorem vitae mattis nibh ligula nec,2014-06-09,0:33:22,Mixtape
953,nulla pede ullamcorper augue a suscipit nulla elit ac nulla,1944-06-01,0:32:39,Album
789,justo pellentesque viverra pede ac diam cras pellentesque volutpat dui,2002-11-24,0:38:23,Album
914,non lectus aliquam sit amet diam,2016-12-25,0:33:13,Mixtape
104,amet nunc viverra dapibus nulla,1989-05-05,0:46:47,Compilation
908,lectus in quam fringilla rhoncus,2003-07-15,0:05:23,Compilation
639,at velit vivamus vel nulla,1996-01-28,0:19:06,Single
568,potenti nullam porttitor lacus at turpis donec posuere metus,1912-11-08,0:53:59,Mixtape
383,aliquam non mauris morbi non lectus aliquam sit amet diam,2006-08-11,0:20:59,Compilation
64,at nulla suspendisse potenti cras,1974-01-26,0:40:19,Single
778,pede justo eu massa donec dapibus duis,1947-11-29,0:02:42,Mixtape
409,habitasse platea dictumst etiam faucibus cursus urna ut tellus nulla,2017-01-14,0:19:47,Mixtape
619,convallis nulla neque libero convallis eget eleifend luctus ultricies,1966-10-29,0:36:28,Compilation
34,ligula suspendisse ornare consequat lectus in est risus,2003-10-13,0:38:35,Mixtape
358,sapien placerat ante nulla justo aliquam quis,1965-09-11,0:04:42,Mixtape
768,erat id mauris vulputate elementum,1938-07-24,0:54:15,EP
599,luctus et ultrices posuere cubilia curae nulla,2014-11-24,0:26:12,Album
448,etiam justo etiam pretium iaculis,1940-08-02,0:29:15,EP
923,tempor convallis nulla neque libero convallis eget,1978-09-22,0:35:40,Compilation
158,quam nec dui luctus rutrum nulla tellus in sagittis dui,1925-06-30,0:13:02,Mixtape
108,pellentesque at nulla suspendisse potenti cras,1984-03-19,0:48:18,EP
419,pellentesque at nulla suspendisse potenti cras in purus eu,1948-08-28,0:01:32,Compilation
539,bibendum felis sed interdum venenatis,1937-06-09,0:42:57,Single
628,ultrices aliquet maecenas leo odio condimentum,1975-08-11,0:13:01,Compilation
474,posuere cubilia curae nulla dapibus,1939-09-22,0:36:30,Album
394,vel nulla eget eros elementum,1989-01-24,0:59:46,Album
558,accumsan odio curabitur convallis duis consequat dui nec nisi volutpat,1960-12-07,0:56:09,Compilation
603,vivamus vestibulum sagittis sapien cum sociis natoque,1913-06-23,0:22:59,Mixtape
778,in quam fringilla rhoncus mauris enim leo rhoncus sed vestibulum,1953-03-12,0:44:09,Compilation
179,mauris non ligula pellentesque ultrices phasellus id sapien in sapien,1949-07-24,0:59:25,EP
269,semper est quam pharetra magna ac consequat metus sapien,1990-01-28,0:14:14,Album
884,rutrum ac lobortis vel dapibus at diam nam tristique,1968-11-21,0:58:43,Mixtape
138,platea dictumst etiam faucibus cursus urna ut,1931-02-27,0:06:39,Album
963,vel est donec odio justo sollicitudin ut suscipit,1963-02-16,0:21:17,Compilation
439,aliquet at feugiat non pretium quis,1987-08-23,0:07:47,Album
599,pede ac diam cras pellentesque volutpat dui maecenas,1983-07-27,0:10:53,Compilation
578,placerat praesent blandit nam nulla integer pede,1981-04-23,0:33:34,Compilation
699,duis mattis egestas metus aenean fermentum,1976-02-22,0:40:55,Mixtape
623,fusce posuere felis sed lacus,1913-11-28,0:58:45,Single
349,blandit nam nulla integer pede,1927-03-21,0:56:42,Compilation
544,quam nec dui luctus rutrum nulla tellus in,1954-07-27,0:46:32,Single
123,fusce lacus purus aliquet at feugiat,1991-01-02,0:03:47,Single
108,nisi venenatis tristique fusce congue diam,1963-06-16,0:56:52,Album
524,montes nascetur ridiculus mus vivamus vestibulum sagittis sapien cum sociis,1993-04-03,0:10:36,Compilation
29,ut volutpat sapien arcu sed augue aliquam erat volutpat,2018-03-16,0:55:53,Mixtape
824,sollicitudin ut suscipit a feugiat et,1928-09-15,0:04:16,Single
593,nec nisi vulputate nonummy maecenas,1937-04-17,0:33:24,Single
348,fringilla rhoncus mauris enim leo rhoncus sed vestibulum sit amet,1928-07-31,0:51:08,EP
854,mauris viverra diam vitae quam suspendisse,1955-12-11,0:41:04,Mixtape
653,mauris eget massa tempor convallis,1908-02-15,0:11:41,Album
328,ipsum dolor sit amet consectetuer adipiscing elit proin interdum,1940-11-03,0:01:41,Single
304,posuere cubilia curae nulla dapibus dolor,1911-03-30,0:01:39,Album
573,consectetuer eget rutrum at lorem integer tincidunt ante vel,1929-11-24,0:26:36,Mixtape
323,donec ut mauris eget massa tempor,1958-05-23,0:31:00,Mixtape
779,non interdum in ante vestibulum ante ipsum,1975-12-15,0:44:25,Album
839,nullam porttitor lacus at turpis,1995-06-28,0:13:38,Compilation
474,aliquam augue quam sollicitudin vitae consectetuer eget rutrum,1919-02-26,0:18:26,Compilation
983,venenatis lacinia aenean sit amet,1934-09-25,0:19:36,EP
578,id ornare imperdiet sapien urna pretium,1976-01-22,0:18:45,Album
744,nunc commodo placerat praesent blandit,1912-12-02,0:30:33,Single
19,donec pharetra magna vestibulum aliquet ultrices erat tortor sollicitudin mi,1978-04-06,0:14:12,Single
703,tempor turpis nec euismod scelerisque quam turpis adipiscing,1999-07-16,0:04:19,EP
184,interdum eu tincidunt in leo maecenas pulvinar lobortis est phasellus,2005-02-01,0:08:56,Single
504,porta volutpat erat quisque erat eros,2019-01-01,0:11:01,Single
904,justo aliquam quis turpis eget elit sodales scelerisque mauris sit,2020-01-26,0:44:12,Album
443,eget nunc donec quis orci,1967-09-04,0:51:11,Single
508,ornare imperdiet sapien urna pretium nisl,1919-12-14,0:02:12,EP
169,suscipit a feugiat et eros vestibulum ac est lacinia,1952-11-13,0:02:31,Album
859,turpis sed ante vivamus tortor duis,1915-02-15,0:38:16,Mixtape
333,sed interdum venenatis turpis enim blandit,1987-04-07,0:47:22,Mixtape
259,in faucibus orci luctus et ultrices posuere cubilia,1902-01-13,0:07:13,Album
663,phasellus sit amet erat nulla,2021-04-23,0:57:09,Compilation
104,non mattis pulvinar nulla pede,1964-10-28,0:51:06,Album
388,vestibulum sit amet cursus id turpis,2015-05-24,0:04:22,Single
488,lectus pellentesque eget nunc donec quis orci eget orci,1993-05-30,0:24:35,Mixtape
199,at feugiat non pretium quis lectus suspendisse potenti in eleifend,1951-09-06,0:10:24,EP
213,rutrum neque aenean auctor gravida sem,1978-09-19,0:18:20,Single
733,ipsum primis in faucibus orci luctus,1969-09-08,0:16:23,Mixtape
39,nisl ut volutpat sapien arcu sed,1902-03-07,0:04:07,Mixtape
689,vulputate ut ultrices vel augue vestibulum ante ipsum primis,1942-11-14,0:38:08,Compilation
519,et eros vestibulum ac est lacinia nisi,2011-10-19,0:21:13,Single
958,lectus vestibulum quam sapien varius ut blandit,1977-11-22,0:24:54,Single
559,elementum nullam varius nulla facilisi cras non velit,1971-07-06,0:42:26,Single
273,pede justo lacinia eget tincidunt eget tempus vel pede,2014-11-09,0:41:34,EP
509,eu est congue elementum in hac habitasse platea dictumst,1998-02-20,0:43:18,Album
858,metus aenean fermentum donec ut mauris eget massa tempor convallis,2004-09-24,0:10:00,EP
558,primis in faucibus orci luctus et ultrices posuere cubilia,1988-06-11,0:48:36,Mixtape
178,phasellus id sapien in sapien iaculis congue vivamus,1913-01-01,0:47:49,Single
404,lorem ipsum dolor sit amet consectetuer adipiscing elit proin interdum,1963-12-06,0:31:07,Mixtape
234,volutpat sapien arcu sed augue aliquam erat volutpat in congue,1916-03-23,0:18:12,Album
169,eget nunc donec quis orci eget,1970-05-20,0:31:30,Album
234,pharetra magna vestibulum aliquet ultrices erat tortor sollicitudin mi sit,1918-09-27,0:45:26,Album
274,amet consectetuer adipiscing elit proin interdum,1973-09-02,0:00:43,Album
419,lacinia erat vestibulum sed magna at nunc,1971-04-12,0:26:33,Single
648,turpis eget elit sodales scelerisque mauris,1946-04-02,0:22:13,Mixtape
249,eget semper rutrum nulla nunc purus phasellus in felis,1953-08-08,0:20:07,Mixtape
649,condimentum curabitur in libero ut,2014-08-18,0:05:34,Compilation
784,est congue elementum in hac habitasse platea dictumst morbi vestibulum,2010-08-03,0:16:53,EP
964,venenatis tristique fusce congue diam id ornare imperdiet sapien urna,1902-06-01,0:51:31,Album
753,aenean fermentum donec ut mauris,1935-05-01,0:19:45,Compilation
494,vel pede morbi porttitor lorem id ligula suspendisse ornare,1986-12-13,0:24:37,Single
258,maecenas tristique est et tempus semper,1940-09-23,0:22:11,Compilation
763,nulla suscipit ligula in lacus curabitur at,2018-12-11,0:18:21,Single
23,convallis tortor risus dapibus augue vel,1979-01-31,0:27:46,Compilation
453,vulputate luctus cum sociis natoque penatibus et magnis dis,1948-09-15,0:29:09,Compilation
979,nonummy integer non velit donec diam neque,1902-01-29,0:41:34,EP
273,ac diam cras pellentesque volutpat,2015-05-01,0:08:17,Single
494,fermentum donec ut mauris eget,1925-08-20,0:48:49,Mixtape
83,sed ante vivamus tortor duis mattis egestas,1904-12-06,0:12:36,EP
534,quis odio consequat varius integer ac leo pellentesque ultrices mattis,1988-02-23,0:26:05,Single
49,blandit non interdum in ante vestibulum,1922-11-27,0:25:30,Single
108,sit amet eleifend pede libero quis,1973-09-22,0:52:39,EP
929,posuere cubilia curae duis faucibus accumsan odio curabitur,1954-01-11,0:33:34,Single
28,quisque arcu libero rutrum ac lobortis vel,1906-04-18,0:16:39,EP
828,ligula vehicula consequat morbi a ipsum,1903-03-06,0:37:43,EP
749,semper est quam pharetra magna ac consequat metus sapien,1904-01-17,0:29:01,Single
319,dui nec nisi volutpat eleifend donec ut dolor morbi,1901-11-18,0:35:41,Compilation
89,nulla sed accumsan felis ut at dolor,1984-10-12,0:58:21,EP
568,sit amet eleifend pede libero quis orci nullam molestie,1937-05-03,0:27:30,EP
903,est lacinia nisi venenatis tristique,2004-01-09,0:42:02,Album
898,quis turpis eget elit sodales scelerisque mauris sit amet,2018-08-14,0:12:11,EP
604,sed augue aliquam erat volutpat in congue,1933-02-23,0:16:03,Mixtape
314,pede justo eu massa donec dapibus duis at velit eu,1926-10-31,0:54:11,EP
58,convallis nulla neque libero convallis eget,1905-08-07,0:19:41,Album
929,convallis morbi odio odio elementum eu interdum eu,1938-05-31,0:38:46,Album
3,in purus eu magna vulputate luctus,1949-05-26,0:34:46,Mixtape
628,est donec odio justo sollicitudin ut suscipit a feugiat,2004-05-27,0:01:17,Single
174,adipiscing elit proin risus praesent lectus vestibulum quam,1956-12-26,0:27:39,EP
179,eros vestibulum ac est lacinia,1907-08-09,0:55:25,Mixtape
138,elementum ligula vehicula consequat morbi a ipsum integer a,1960-01-03,0:27:21,EP
384,felis sed lacus morbi sem mauris laoreet ut rhoncus aliquet,1946-04-02,0:34:24,EP
249,pellentesque eget nunc donec quis orci eget orci,2021-04-08,0:40:16,Single
604,aenean lectus pellentesque eget nunc donec,1964-05-13,0:35:04,Compilation
288,et tempus semper est quam pharetra magna ac,1988-11-06,0:37:08,Mixtape
779,curabitur at ipsum ac tellus semper interdum,2016-11-13,0:09:22,Album
174,ultrices enim lorem ipsum dolor sit amet consectetuer,1935-03-22,0:31:33,Compilation
419,faucibus cursus urna ut tellus nulla ut erat id,1920-10-03,0:08:43,Single
119,ut blandit non interdum in ante vestibulum ante ipsum,1950-02-27,0:48:04,EP
858,odio elementum eu interdum eu tincidunt in leo,1986-05-30,0:37:08,Album
714,integer ac leo pellentesque ultrices,1951-04-08,0:26:02,Mixtape
613,ut volutpat sapien arcu sed augue aliquam,1921-07-15,0:10:28,Mixtape
304,lacus curabitur at ipsum ac tellus semper interdum mauris ullamcorper,1950-09-21,0:24:15,Mixtape
414,mauris enim leo rhoncus sed vestibulum,1997-04-05,0:37:15,Compilation
579,vitae mattis nibh ligula nec sem duis aliquam convallis,1968-11-10,0:57:48,Single
549,magna bibendum imperdiet nullam orci,1992-04-30,0:56:35,Mixtape
633,posuere nonummy integer non velit,1916-07-13,0:31:04,Compilation
294,tincidunt nulla mollis molestie lorem quisque ut erat,1918-03-06,0:51:51,Single
19,viverra diam vitae quam suspendisse potenti nullam porttitor lacus at,1945-06-23,0:45:42,Single
788,nulla tempus vivamus in felis eu sapien cursus vestibulum,1944-09-01,0:23:26,Album
474,tortor quis turpis sed ante vivamus tortor duis mattis egestas,1931-01-16,0:37:18,EP
998,nunc commodo placerat praesent blandit nam,1974-05-27,0:25:16,Album
909,ipsum ac tellus semper interdum,1903-04-26,0:09:04,Single
324,penatibus et magnis dis parturient montes nascetur ridiculus,1926-04-05,0:21:19,Compilation
938,lobortis convallis tortor risus dapibus augue vel accumsan,1966-10-17,0:47:41,Single
483,massa id lobortis convallis tortor risus dapibus augue vel,1983-04-28,0:00:08,Compilation
313,ultrices posuere cubilia curae mauris viverra diam vitae quam,2004-10-06,0:14:45,Single
199,quis turpis sed ante vivamus tortor duis mattis egestas,1996-06-22,0:43:48,EP
989,pede libero quis orci nullam,1915-04-02,0:08:23,EP
304,interdum eu tincidunt in leo maecenas pulvinar lobortis,2000-09-04,0:31:15,Single
648,ultrices posuere cubilia curae mauris,1968-01-24,0:41:02,Album
18,vel pede morbi porttitor lorem id ligula suspendisse,1929-01-27,0:07:50,EP
413,integer tincidunt ante vel ipsum praesent blandit lacinia erat vestibulum,1987-08-10,0:31:45,Album
833,id sapien in sapien iaculis congue vivamus,2001-03-16,0:08:54,EP
293,iaculis diam erat fermentum justo nec condimentum,1994-11-10,0:50:32,EP
989,quam nec dui luctus rutrum nulla tellus in sagittis,1902-10-02,0:11:59,Album
868,dictumst aliquam augue quam sollicitudin vitae consectetuer,1955-05-23,0:52:49,Album
883,sapien a libero nam dui proin leo odio porttitor,1959-01-26,0:33:15,Compilation
453,condimentum id luctus nec molestie,1972-07-25,0:13:14,Album
223,imperdiet et commodo vulputate justo in blandit,2013-10-26,0:25:02,Compilation
418,eu orci mauris lacinia sapien,1997-04-02,0:16:30,Single
343,sapien placerat ante nulla justo aliquam quis turpis eget,1997-09-27,0:29:47,Compilation
638,nulla neque libero convallis eget eleifend,1932-04-15,0:53:38,Album
148,non lectus aliquam sit amet diam in,1972-11-05,0:26:14,EP
363,magna vestibulum aliquet ultrices erat tortor sollicitudin mi sit amet,1924-08-22,0:55:44,EP
918,ante vestibulum ante ipsum primis,2014-08-17,0:16:01,Mixtape
653,potenti cras in purus eu magna vulputate luctus,1992-04-25,0:33:46,Mixtape
158,et eros vestibulum ac est,1983-12-16,0:13:31,EP
234,eleifend luctus ultricies eu nibh quisque,2010-06-04,0:30:54,Compilation
489,integer non velit donec diam neque vestibulum eget vulputate ut,2006-05-09,0:05:48,Mixtape
23,suspendisse potenti cras in purus,2019-07-17,0:29:29,Single
499,platea dictumst maecenas ut massa quis augue luctus tincidunt nulla,2004-02-20,0:34:56,EP
199,nulla sed vel enim sit amet nunc viverra,1969-12-23,0:48:33,Album
523,semper sapien a libero nam dui proin leo,2004-10-06,0:50:33,EP
929,vitae nisl aenean lectus pellentesque eget,1902-06-10,0:53:21,Album
89,ornare consequat lectus in est risus auctor,1905-07-04,0:45:07,Single
199,sapien a libero nam dui proin leo odio,1910-10-29,0:56:04,Single
358,ultricies eu nibh quisque id justo sit amet sapien,2016-03-11,0:45:17,Mixtape
583,eget tempus vel pede morbi porttitor lorem id ligula suspendisse,2012-11-19,0:41:38,Compilation
109,blandit lacinia erat vestibulum sed,1919-03-08,0:24:51,Album
633,rutrum ac lobortis vel dapibus at diam nam,1933-11-29,0:15:25,Compilation
674,velit donec diam neque vestibulum,2019-03-27,0:18:45,Mixtape
678,vitae consectetuer eget rutrum at lorem integer tincidunt ante,2015-05-23,0:49:50,Album
878,interdum mauris non ligula pellentesque ultrices phasellus id sapien in,2012-07-11,0:59:43,Mixtape
863,sapien ut nunc vestibulum ante ipsum primis in faucibus orci,1969-05-28,0:33:30,Compilation
318,ac nibh fusce lacus purus aliquet,2019-01-12,0:31:26,Single
618,consequat lectus in est risus auctor sed tristique in tempus,2015-04-14,0:59:58,Single
83,duis mattis egestas metus aenean fermentum donec,1961-10-22,0:55:16,Single
844,amet consectetuer adipiscing elit proin,1901-05-04,0:24:48,Album
609,non pretium quis lectus suspendisse potenti in eleifend quam a,1938-11-14,0:02:52,EP
364,sapien arcu sed augue aliquam,1905-08-20,0:26:59,Single
634,libero convallis eget eleifend luctus ultricies eu,1918-09-29,0:59:11,EP
658,quis turpis sed ante vivamus tortor duis mattis egestas metus,1983-02-16,0:20:28,Album
59,eleifend donec ut dolor morbi vel lectus in quam fringilla,1961-05-24,0:18:32,Single
98,et ultrices posuere cubilia curae,1960-05-23,0:14:03,Mixtape
518,phasellus id sapien in sapien iaculis congue vivamus,1980-12-13,0:51:03,Compilation
144,orci mauris lacinia sapien quis libero,2014-12-15,0:47:40,Mixtape
773,ut massa volutpat convallis morbi odio,1918-12-09,0:44:41,Single
749,nulla sed accumsan felis ut at dolor quis odio consequat,1908-10-04,0:46:35,EP
89,eget vulputate ut ultrices vel,1920-09-15,0:41:52,Album
193,libero convallis eget eleifend luctus,1990-02-18,0:22:58,Mixtape
404,nisl aenean lectus pellentesque eget nunc donec quis,1919-07-12,0:39:36,Single
968,faucibus orci luctus et ultrices posuere cubilia curae nulla dapibus,1903-12-27,0:32:21,Compilation
709,eu massa donec dapibus duis at velit eu est congue,2021-04-24,0:44:31,Single
894,felis sed interdum venenatis turpis enim blandit,1939-07-19,0:56:07,Album
699,potenti nullam porttitor lacus at turpis,1997-10-15,0:44:40,Album
878,congue eget semper rutrum nulla nunc,2004-11-22,0:24:54,EP
729,nec nisi vulputate nonummy maecenas tincidunt lacus at,1956-12-20,0:39:53,EP
774,non lectus aliquam sit amet diam in magna bibendum imperdiet,2011-07-11,0:24:07,Album
159,sapien iaculis congue vivamus metus arcu adipiscing molestie,2008-01-03,0:46:20,EP
429,vitae ipsum aliquam non mauris morbi non,2013-02-08,0:34:10,Single
24,nisi venenatis tristique fusce congue diam,1966-10-01,0:48:02,Mixtape
948,congue risus semper porta volutpat quam pede lobortis ligula,1974-09-24,0:55:41,Single
249,dui proin leo odio porttitor id consequat in consequat,1953-04-13,0:26:08,EP
984,pede justo eu massa donec dapibus duis at velit eu,1906-07-29,0:33:52,Compilation
158,curae mauris viverra diam vitae,1901-06-13,0:04:33,Album
323,massa tempor convallis nulla neque libero convallis eget,2011-04-14,0:15:47,Album
494,diam vitae quam suspendisse potenti nullam porttitor,1976-07-26,0:16:06,Mixtape
834,vulputate vitae nisl aenean lectus pellentesque eget nunc donec quis,1916-09-27,0:46:27,Mixtape
108,ac leo pellentesque ultrices mattis odio donec vitae nisi nam,1951-03-24,0:14:05,Single
554,pulvinar nulla pede ullamcorper augue a suscipit nulla,1969-10-21,0:28:41,EP
178,vitae consectetuer eget rutrum at,1995-09-25,0:14:34,Compilation
159,platea dictumst etiam faucibus cursus urna ut tellus nulla,1985-12-01,0:13:49,Mixtape
489,et eros vestibulum ac est lacinia,2010-10-25,0:52:16,Single
919,nisi venenatis tristique fusce congue diam id ornare,1972-07-17,0:59:34,Mixtape
988,fermentum justo nec condimentum neque sapien placerat ante nulla,1956-07-30,0:27:17,EP
144,rhoncus dui vel sem sed sagittis nam,2001-12-02,0:30:40,Single
383,vel nisl duis ac nibh fusce lacus purus aliquet,1937-03-06,0:49:50,Compilation
778,cubilia curae nulla dapibus dolor vel est donec odio,1949-01-27,0:59:20,Mixtape
254,purus eu magna vulputate luctus cum sociis natoque,1960-02-16,0:48:32,EP
58,morbi non lectus aliquam sit amet diam in magna bibendum,1975-10-26,0:49:18,Compilation
893,nam nulla integer pede justo lacinia eget tincidunt eget,1968-12-04,0:03:56,Compilation
154,congue elementum in hac habitasse platea dictumst morbi vestibulum,2001-02-13,0:33:17,Single
434,semper interdum mauris ullamcorper purus sit,2022-09-28,0:54:55,EP
219,leo odio condimentum id luctus nec,1955-11-01,0:03:31,Mixtape
629,nam congue risus semper porta volutpat quam pede lobortis ligula,1954-12-22,0:42:00,EP
333,nisl ut volutpat sapien arcu sed augue aliquam,1936-04-08,0:08:16,Mixtape
953,bibendum felis sed interdum venenatis,2014-11-20,0:31:12,Single
398,pede venenatis non sodales sed tincidunt eu felis fusce,1969-03-30,0:31:29,EP
373,phasellus sit amet erat nulla tempus vivamus in felis,1957-01-29,0:30:15,EP
158,luctus et ultrices posuere cubilia curae nulla dapibus dolor,1944-04-25,0:31:52,Compilation
503,pede justo eu massa donec dapibus duis at velit,1941-02-26,0:58:46,Mixtape
414,penatibus et magnis dis parturient montes nascetur ridiculus mus etiam,1910-08-12,0:49:09,Single
923,vitae consectetuer eget rutrum at lorem integer tincidunt ante,1968-08-22,0:56:57,Album
509,sit amet diam in magna,1942-04-12,0:49:23,EP
859,sed sagittis nam congue risus semper porta volutpat quam pede,1903-07-31,0:40:03,Compilation
863,imperdiet et commodo vulputate justo in blandit,1969-08-31,0:45:22,Single
939,cursus urna ut tellus nulla ut erat id mauris vulputate,1997-05-24,0:06:15,Mixtape
674,sit amet turpis elementum ligula vehicula consequat morbi,1940-06-24,0:26:40,Mixtape
54,vestibulum vestibulum ante ipsum primis in faucibus orci,1948-08-08,0:28:08,Single
468,ligula vehicula consequat morbi a ipsum integer,2014-12-23,0:07:47,Mixtape
974,bibendum felis sed interdum venenatis turpis enim blandit mi,1956-08-19,0:49:37,Compilation
948,nulla elit ac nulla sed vel enim sit,1919-01-22,0:42:55,Mixtape
919,commodo placerat praesent blandit nam nulla,1965-02-21,0:44:57,Compilation
409,id massa id nisl venenatis lacinia aenean sit amet,1937-03-22,0:58:07,Mixtape
103,justo etiam pretium iaculis justo in hac,1923-10-15,0:37:25,EP
463,pellentesque viverra pede ac diam cras pellentesque volutpat dui maecenas,1991-06-01,0:23:05,Mixtape
229,bibendum felis sed interdum venenatis turpis enim blandit mi,1992-02-12,0:22:19,Single
858,justo sit amet sapien dignissim vestibulum vestibulum ante,1970-03-08,0:46:52,Single
234,semper rutrum nulla nunc purus phasellus in felis donec semper,2015-06-06,0:37:28,Compilation
248,in porttitor pede justo eu massa donec dapibus duis at,1900-03-19,0:32:20,Mixtape
274,sit amet consectetuer adipiscing elit proin,1905-12-22,0:21:30,Single
504,nulla nunc purus phasellus in,1983-05-09,0:04:22,Mixtape
889,non pretium quis lectus suspendisse potenti in eleifend,1941-12-13,0:47:55,Mixtape
368,magna ac consequat metus sapien ut,1941-01-16,0:39:01,Album
673,pretium nisl ut volutpat sapien arcu,2015-06-19,0:29:52,Mixtape
233,quisque ut erat curabitur gravida nisi at nibh in,1985-10-30,0:10:59,EP
564,duis at velit eu est congue elementum,1949-06-05,0:33:08,EP
258,vulputate nonummy maecenas tincidunt lacus at,1906-04-13,0:30:42,Mixtape
618,odio curabitur convallis duis consequat dui,1906-08-07,0:20:09,Single
544,etiam pretium iaculis justo in,1959-05-04,0:56:54,Single
619,nullam molestie nibh in lectus,1915-12-12,0:10:10,EP
873,arcu sed augue aliquam erat volutpat in congue etiam justo,2007-02-02,0:35:05,Compilation
284,condimentum curabitur in libero ut massa,2007-06-29,0:09:55,Single
313,odio condimentum id luctus nec molestie sed justo pellentesque viverra,2007-06-04,0:50:35,Mixtape
698,vel sem sed sagittis nam,1960-03-03,0:32:03,EP
563,porttitor lacus at turpis donec posuere metus vitae ipsum,2009-01-09,0:46:51,Album
53,hac habitasse platea dictumst maecenas ut massa quis augue luctus,1920-03-09,0:26:09,EP
438,lacinia eget tincidunt eget tempus vel pede morbi porttitor lorem,1992-07-12,0:37:03,Compilation
153,maecenas tincidunt lacus at velit vivamus vel nulla eget eros,1996-12-10,0:00:00,Album
289,duis aliquam convallis nunc proin at turpis,1975-04-27,0:35:13,Mixtape
688,ac consequat metus sapien ut nunc vestibulum ante ipsum primis,1990-12-12,0:13:05,EP
759,eleifend donec ut dolor morbi vel,1948-04-26,0:27:36,Single
634,quisque id justo sit amet,1936-03-03,0:49:41,Mixtape
929,lorem ipsum dolor sit amet consectetuer,1940-06-03,0:11:35,EP
823,morbi odio odio elementum eu interdum eu tincidunt in leo,2015-11-30,0:42:16,Single
69,porttitor lorem id ligula suspendisse ornare consequat,1922-02-24,0:09:37,EP
308,pulvinar nulla pede ullamcorper augue a suscipit nulla elit,1983-09-21,0:02:42,Mixtape
974,iaculis justo in hac habitasse platea dictumst etiam faucibus cursus,2010-03-01,0:23:58,Single
538,id justo sit amet sapien dignissim vestibulum vestibulum ante ipsum,2014-08-31,0:15:29,Mixtape
149,curabitur at ipsum ac tellus semper,1943-05-26,0:38:58,Compilation
728,a feugiat et eros vestibulum ac,2007-08-17,0:34:09,EP
213,sagittis dui vel nisl duis ac nibh fusce lacus purus,1920-12-26,0:03:58,Album
169,id sapien in sapien iaculis congue vivamus metus arcu,1907-01-26,0:38:18,Single
129,et magnis dis parturient montes nascetur ridiculus mus vivamus,2018-07-14,0:46:48,EP
274,et eros vestibulum ac est lacinia nisi,1907-02-16,0:41:53,EP
378,fermentum donec ut mauris eget massa tempor convallis,1931-10-24,0:31:46,Album
948,fermentum justo nec condimentum neque,2020-05-03,0:13:18,Mixtape
44,lacinia eget tincidunt eget tempus vel pede morbi,1959-12-23,0:45:06,Compilation
828,elit ac nulla sed vel enim sit amet nunc,1971-03-11,0:20:20,Album
744,ac lobortis vel dapibus at diam nam tristique,1937-03-26,0:45:05,Single
629,id pretium iaculis diam erat fermentum justo nec condimentum,1988-10-31,0:17:15,Single
118,aliquet ultrices erat tortor sollicitudin mi sit amet lobortis,2022-10-05,0:05:13,EP
358,bibendum felis sed interdum venenatis turpis,1943-07-26,0:16:56,Album
844,rhoncus mauris enim leo rhoncus sed vestibulum sit,1930-08-17,0:10:52,Single
204,tristique fusce congue diam id,1969-12-06,0:17:46,Compilation
998,pellentesque eget nunc donec quis orci,2014-08-10,0:43:32,EP
438,neque sapien placerat ante nulla justo aliquam,1967-06-25,0:05:53,Compilation
939,malesuada in imperdiet et commodo vulputate justo in blandit,1935-02-10,0:24:04,Single
19,morbi a ipsum integer a nibh in,1914-05-21,0:48:24,Single
768,sit amet consectetuer adipiscing elit proin interdum mauris non ligula,2005-02-28,0:09:39,Album
343,sapien cum sociis natoque penatibus et,1992-04-16,0:54:54,Single
763,lacus at turpis donec posuere metus,1994-01-11,0:25:59,Compilation
794,posuere cubilia curae duis faucibus accumsan odio curabitur convallis duis,1944-08-07,0:13:55,Album
134,potenti nullam porttitor lacus at turpis,1922-10-25,0:44:59,EP
769,amet justo morbi ut odio,1962-08-04,0:19:13,Mixtape
673,et magnis dis parturient montes nascetur,2015-06-26,0:19:46,Mixtape
633,et ultrices posuere cubilia curae,1960-02-28,0:54:15,Compilation
188,hendrerit at vulputate vitae nisl,2022-12-07,0:54:15,EP
18,velit nec nisi vulputate nonummy maecenas tincidunt,1946-11-16,0:41:30,Single
314,nulla facilisi cras non velit,1962-05-23,0:52:56,Mixtape
399,luctus rutrum nulla tellus in sagittis dui vel,1963-01-30,0:46:00,EP
209,justo pellentesque viverra pede ac diam cras,1988-12-30,0:30:36,Single
673,integer non velit donec diam,1944-07-02,0:42:06,Compilation
254,sollicitudin vitae consectetuer eget rutrum,1954-08-27,0:56:06,Compilation
959,ligula nec sem duis aliquam,1941-12-07,0:24:06,Album
58,pretium nisl ut volutpat sapien arcu sed augue,1996-09-04,0:19:19,Compilation
478,vulputate elementum nullam varius nulla facilisi cras,1932-11-13,0:16:32,Compilation
209,rhoncus sed vestibulum sit amet cursus id turpis integer,1942-11-11,0:00:45,Compilation
283,nulla facilisi cras non velit nec nisi,2001-09-15,0:26:50,Single
163,felis sed interdum venenatis turpis,1915-08-16,0:31:20,Compilation
24,viverra eget congue eget semper rutrum,2010-10-10,0:09:56,EP
623,orci nullam molestie nibh in lectus pellentesque at,1967-05-03,0:06:51,Compilation
454,erat vestibulum sed magna at nunc commodo,1978-07-11,0:00:17,Compilation
324,sed lacus morbi sem mauris laoreet ut rhoncus aliquet pulvinar,1993-03-22,0:16:01,Album
39,lorem ipsum dolor sit amet consectetuer adipiscing elit proin,1958-09-14,0:01:16,EP
118,hac habitasse platea dictumst aliquam augue quam sollicitudin,1955-01-21,0:48:44,Mixtape
248,ut nulla sed accumsan felis ut at,1997-11-15,0:15:10,Album
43,turpis donec posuere metus vitae ipsum aliquam,2004-03-05,0:48:09,Album
613,odio cras mi pede malesuada in imperdiet et,1929-12-16,0:39:57,Compilation
208,lorem vitae mattis nibh ligula nec sem duis aliquam,1978-11-16,0:31:32,Compilation
434,sapien urna pretium nisl ut volutpat sapien arcu,1949-08-03,0:10:52,Album
29,ante ipsum primis in faucibus orci luctus et,1943-03-28,0:55:31,Compilation
249,ante ipsum primis in faucibus orci luctus et ultrices posuere,1932-05-20,0:31:29,Single
423,sit amet consectetuer adipiscing elit proin interdum mauris non ligula,1993-10-06,0:51:52,Mixtape
783,luctus tincidunt nulla mollis molestie lorem quisque,1992-08-11,0:11:43,Compilation
509,penatibus et magnis dis parturient montes nascetur ridiculus mus,1981-12-07,0:07:51,Compilation
908,ut rhoncus aliquet pulvinar sed nisl nunc rhoncus dui,2015-08-23,0:58:40,Mixtape
708,nullam porttitor lacus at turpis donec posuere metus vitae,1921-01-21,0:56:24,Album
288,est phasellus sit amet erat nulla tempus,1982-11-09,0:50:05,Album
444,dapibus dolor vel est donec odio justo sollicitudin ut,1955-11-17,0:04:05,Mixtape
684,porttitor id consequat in consequat ut nulla sed accumsan felis,1924-12-18,0:31:23,Compilation
503,ornare consequat lectus in est,1940-02-29,0:56:42,EP
609,dapibus nulla suscipit ligula in lacus,1953-06-01,0:24:34,Mixtape
889,elementum ligula vehicula consequat morbi a ipsum integer a nibh,1908-07-05,0:25:45,Mixtape
879,donec ut mauris eget massa,1947-09-11,0:05:13,Compilation
549,ipsum dolor sit amet consectetuer adipiscing,1996-05-16,0:41:34,Album
99,vivamus in felis eu sapien cursus vestibulum proin eu,1976-01-05,0:03:58,Single
874,id consequat in consequat ut nulla sed accumsan,1992-10-23,0:51:17,EP
489,morbi ut odio cras mi pede malesuada in imperdiet et,1911-10-31,0:43:48,EP
378,magna vulputate luctus cum sociis natoque,1954-08-14,0:26:22,Compilation
109,magna ac consequat metus sapien ut nunc,2021-12-31,0:10:55,Compilation
964,elementum pellentesque quisque porta volutpat erat quisque erat,1940-04-05,0:33:13,Album
963,in hac habitasse platea dictumst aliquam augue quam sollicitudin,2013-01-21,0:56:31,Single
744,nec molestie sed justo pellentesque viverra pede ac diam cras,1989-07-28,0:19:19,Mixtape
754,ut dolor morbi vel lectus in quam,1936-04-04,0:39:33,EP
248,potenti cras in purus eu magna vulputate luctus,1975-01-17,0:13:10,Album
709,molestie lorem quisque ut erat curabitur,1941-04-10,0:49:12,Compilation
154,mauris morbi non lectus aliquam sit amet diam in,1931-04-15,0:54:15,Single
409,diam cras pellentesque volutpat dui,1951-01-02,0:35:47,Single
699,id luctus nec molestie sed,2010-08-11,0:21:03,Single
213,lectus pellentesque eget nunc donec quis orci eget,1919-03-09,0:19:01,Album
164,ultrices posuere cubilia curae donec pharetra,2020-12-14,0:26:08,Album
638,semper sapien a libero nam dui proin leo,1909-09-13,0:21:35,Compilation
998,lorem ipsum dolor sit amet consectetuer adipiscing,1938-11-21,0:28:18,Album
353,at nulla suspendisse potenti cras in,1916-01-17,0:26:30,Compilation
458,pulvinar sed nisl nunc rhoncus dui vel sem sed sagittis,1929-05-11,0:14:34,Single
203,bibendum imperdiet nullam orci pede venenatis,1983-05-22,0:22:06,Single
244,dolor morbi vel lectus in quam fringilla,1929-02-01,0:59:57,Compilation
699,metus vitae ipsum aliquam non mauris morbi,1953-03-10,0:28:32,Single
564,sapien ut nunc vestibulum ante ipsum primis in faucibus,1983-09-05,0:53:51,EP
213,volutpat quam pede lobortis ligula sit amet eleifend,1974-04-30,0:40:08,Single
703,lacus curabitur at ipsum ac tellus semper interdum,1932-08-08,0:20:15,Album
978,id nisl venenatis lacinia aenean sit,1942-09-25,0:27:40,Single
229,sed vel enim sit amet nunc viverra,1931-03-08,0:47:02,Compilation
179,lacus morbi quis tortor id nulla ultrices,1958-08-19,0:11:38,Compilation
684,quis odio consequat varius integer ac leo pellentesque,1998-10-10,0:03:17,Compilation
768,mattis pulvinar nulla pede ullamcorper,1976-02-07,0:30:18,Mixtape
424,dapibus nulla suscipit ligula in lacus,1931-04-09,0:30:01,EP
649,sapien non mi integer ac neque duis bibendum morbi,1964-10-08,0:33:46,Mixtape
934,at velit vivamus vel nulla eget eros elementum,1945-07-15,0:13:49,Mixtape
183,morbi odio odio elementum eu,1932-03-31,0:22:50,EP
328,elit proin interdum mauris non ligula pellentesque,1994-12-30,0:28:21,Mixtape
383,sit amet turpis elementum ligula,1984-12-16,0:52:03,Album
93,morbi porttitor lorem id ligula suspendisse ornare consequat lectus in,2005-06-15,0:24:11,EP
798,lectus pellentesque at nulla suspendisse,1947-12-12,0:53:39,Compilation
449,proin eu mi nulla ac,1986-12-14,0:50:23,Compilation
514,in purus eu magna vulputate luctus cum sociis natoque,2001-12-18,0:40:27,Compilation
508,suspendisse potenti in eleifend quam,1901-02-08,0:45:20,Mixtape
283,mattis egestas metus aenean fermentum,1996-04-17,0:07:46,Compilation
138,erat fermentum justo nec condimentum neque sapien placerat ante,1969-04-18,0:30:02,Album
183,tellus in sagittis dui vel,1916-01-17,0:50:20,Mixtape
908,sit amet sapien dignissim vestibulum vestibulum ante ipsum,1979-12-11,0:47:03,Single
609,ornare consequat lectus in est risus auctor sed tristique in,2020-05-06,0:07:49,Compilation
779,curae donec pharetra magna vestibulum aliquet ultrices erat,1946-11-03,0:25:16,Album
898,pulvinar nulla pede ullamcorper augue a suscipit nulla,1980-06-12,0:05:33,Mixtape
169,diam neque vestibulum eget vulputate ut ultrices vel augue,1971-07-13,0:01:50,EP
698,vestibulum ante ipsum primis in faucibus orci luctus et,1979-09-14,0:44:07,Compilation
214,facilisi cras non velit nec nisi vulputate nonummy maecenas tincidunt,2005-07-14,0:15:33,EP
328,gravida sem praesent id massa id nisl venenatis lacinia,1949-06-28,0:13:41,Mixtape
729,urna pretium nisl ut volutpat sapien arcu,1938-05-19,0:18:50,Album
933,vel augue vestibulum rutrum rutrum neque aenean auctor gravida sem,1996-04-04,0:34:32,Album
873,quis justo maecenas rhoncus aliquam lacus,1906-05-20,0:19:15,Compilation
804,dui vel sem sed sagittis nam congue,2006-03-19,0:09:51,Mixtape
913,dapibus duis at velit eu,1996-03-11,0:37:24,Single
658,at diam nam tristique tortor eu,1948-10-04,0:07:52,Mixtape
844,morbi vel lectus in quam fringilla rhoncus mauris enim,1939-05-26,0:10:09,Mixtape
174,id nulla ultrices aliquet maecenas,1912-11-27,0:58:58,EP
913,ante ipsum primis in faucibus orci luctus et ultrices,1932-11-16,0:41:13,Single
578,feugiat et eros vestibulum ac est lacinia nisi venenatis,1981-06-26,0:07:36,Album
129,nulla nunc purus phasellus in felis,1996-04-30,0:50:29,Album
883,sed lacus morbi sem mauris laoreet ut rhoncus aliquet pulvinar,1994-12-25,0:06:32,Mixtape
954,duis mattis egestas metus aenean fermentum,2021-02-17,0:21:01,Album
329,nulla nunc purus phasellus in felis donec semper sapien a,1970-06-03,0:35:26,EP
829,nunc vestibulum ante ipsum primis in,2016-05-17,0:43:50,Single
519,ut odio cras mi pede malesuada in imperdiet,2007-09-15,0:51:16,Single
689,cursus vestibulum proin eu mi,1921-10-04,0:13:27,Album
419,etiam pretium iaculis justo in,1987-05-17,0:18:19,Single
559,eget tincidunt eget tempus vel pede morbi,1973-02-19,0:17:31,EP
209,purus eu magna vulputate luctus cum sociis natoque penatibus et,1939-06-14,0:21:13,Compilation
473,cursus id turpis integer aliquet massa id,1993-09-30,0:37:30,Album
169,amet consectetuer adipiscing elit proin interdum,1906-02-10,0:23:25,Album
649,metus sapien ut nunc vestibulum ante ipsum primis in faucibus,2009-11-28,0:07:05,Single
63,luctus tincidunt nulla mollis molestie lorem quisque ut erat curabitur,1932-10-22,0:41:40,EP
769,sem duis aliquam convallis nunc proin at turpis a,1947-10-14,0:36:53,Album
498,nec condimentum neque sapien placerat ante nulla justo aliquam,1923-02-18,0:32:21,Album
269,lectus vestibulum quam sapien varius ut blandit non,1937-02-24,0:04:11,Album
979,pellentesque eget nunc donec quis,1992-12-10,0:24:19,EP
104,molestie lorem quisque ut erat curabitur gravida nisi at,1973-08-09,0:37:09,Compilation
828,at velit eu est congue elementum in hac habitasse,1923-08-14,0:36:57,EP
498,justo in hac habitasse platea dictumst,1914-04-28,0:21:28,Mixtape
503,odio elementum eu interdum eu tincidunt in leo,1990-01-27,0:09:56,Compilation
259,sed accumsan felis ut at,1974-05-04,0:57:24,Compilation
744,elit ac nulla sed vel enim sit amet,2009-09-25,0:05:24,Compilation
154,nulla elit ac nulla sed vel enim sit amet,2019-10-10,0:57:01,Mixtape
454,feugiat et eros vestibulum ac est lacinia nisi,1960-01-17,0:26:45,Compilation
454,id justo sit amet sapien dignissim vestibulum vestibulum ante ipsum,1958-11-30,0:41:49,Album
263,morbi ut odio cras mi pede malesuada in imperdiet,1978-01-28,0:12:01,EP
369,vitae mattis nibh ligula nec sem duis,2008-04-17,0:35:49,Single
894,eu felis fusce posuere felis sed lacus,1972-12-20,0:53:12,Album
114,laoreet ut rhoncus aliquet pulvinar,1950-10-03,0:29:50,Single
784,ipsum primis in faucibus orci luctus,2004-10-22,0:03:14,Album
353,porttitor lorem id ligula suspendisse ornare consequat lectus,1941-02-20,0:09:10,EP
154,tellus semper interdum mauris ullamcorper,1950-12-22,0:06:35,Compilation
778,natoque penatibus et magnis dis parturient montes nascetur ridiculus mus,1960-03-07,0:42:08,Single
864,lacinia eget tincidunt eget tempus vel pede morbi,2020-05-12,0:32:02,Mixtape
683,vestibulum ante ipsum primis in faucibus orci luctus et,1902-09-16,0:36:51,Mixtape
178,metus arcu adipiscing molestie hendrerit at vulputate vitae nisl,1910-04-03,0:59:29,Compilation
958,lacus morbi sem mauris laoreet ut rhoncus,1957-01-24,0:51:01,Mixtape
459,sed nisl nunc rhoncus dui vel sem sed,1985-10-23,0:01:24,Album
493,felis sed lacus morbi sem mauris laoreet ut rhoncus aliquet,1902-03-26,0:46:47,Mixtape
728,in tempor turpis nec euismod scelerisque quam turpis adipiscing,2018-06-16,0:05:47,Single
129,quis odio consequat varius integer,1926-06-10,0:40:54,Album
964,non sodales sed tincidunt eu felis fusce posuere felis sed,1959-03-19,0:35:26,Album
173,felis eu sapien cursus vestibulum proin eu mi,1907-03-01,0:52:02,Single
618,aenean fermentum donec ut mauris eget,1958-12-10,0:49:25,Mixtape
618,potenti cras in purus eu magna vulputate,1939-12-24,0:03:17,Single
458,tortor quis turpis sed ante vivamus tortor duis mattis,1979-08-18,0:21:29,Compilation
979,id luctus nec molestie sed justo pellentesque viverra pede ac,2013-10-06,0:25:30,Mixtape
708,sagittis nam congue risus semper porta volutpat quam,1909-03-26,0:55:16,Compilation
653,in purus eu magna vulputate luctus cum,1997-02-14,0:10:31,Mixtape
553,pede malesuada in imperdiet et commodo vulputate justo in blandit,2006-09-26,0:26:59,Compilation
653,et magnis dis parturient montes nascetur ridiculus,1941-12-20,0:28:49,Single