id_utilisateur,id_concert,id_artiste,note,commentaire
553,858,858,,Très bonne performance !
263,328,328,2,"Décevant, pas à la hauteur de mes attentes."
243,508,508,3,"Moyenne, rien d'extraordinaire."
903,893,893,1,"Piètre prestation, à éviter."
353,203,203,5,"Excellent artiste, une performance incroyable !"
238,908,908,3,"Moyenne, ni bon ni mauvais."
183,993,993,4,"Super concert, j'ai adoré !"
718,18,18,2,"Décevant, manquait de dynamisme."
268,758,758,5,"Inoubliable, le meilleur concert de ma vie !"
253,643,643,1,"Nul, une véritable déception."
68,793,793,4,"Impressionnant, une performance de haut niveau !"
943,638,638,3,"Moyenne, rien d'exceptionnel."
453,63,63,2,"Décevant, je m'attendais à mieux."
338,903,903,1,"Pas du tout à mon goût, je n'ai pas accroché."
708,773,773,4,"Exceptionnel, un vrai talent !"
473,278,278,5,"Sublime, une prestation à couper le souffle."
588,748,748,3,"Bien mais sans plus, pas de surprise."
663,823,823,2,"Pas terrible, je ne recommande pas."
883,743,743,4,"Génial, une performance énergique et captivante !"
588,283,283,1,"Nul, j'ai regretté d'y être allé."
28,8,8,3,"Moyenne, rien d'extraordinaire."
398,808,808,2,"Décevant, ne correspondait pas à mes attentes."
838,393,393,5,"Incroyable, l'artiste a donné le meilleur de lui-même !"
943,508,508,4,"Très bon concert, une ambiance exceptionnelle !"
473,228,228,1,"Mauvais, je ne conseille pas du tout."
53,558,558,3,"Moyenne, ni décevant ni impressionnant."
798,633,633,2,"Pas terrible, je suis resté sur ma faim."
538,463,463,5,"Fantastique, une expérience musicale unique !"
623,358,358,1,"Piètre prestation, à oublier rapidement."
528,43,43,4,"Génial, j'ai passé une soirée mémorable !"
773,233,233,3,"Moyenne, sans grande surprise."
978,138,138,2,"Décevant, je m'attendais à mieux."
198,113,113,1,"Pas du tout à mon goût, j'ai été déçu."
73,233,233,4,"Très bonne performance, je recommande !"
453,438,438,3,"Moyenne, rien d'exceptionnel."
228,418,418,2,"Peu convaincant, je n'ai pas été captivé."
423,358,358,5,"Exceptionnel, un véritable artiste talentueux !"
143,708,708,1,"Décevant, pas à la hauteur de mes attentes."
733,623,623,4,"Super concert, j'ai adoré l'énergie de l'artiste !"
93,663,663,3,"Moyenne, sans surprise mais agréable."
863,388,388,2,"Pas terrible, je m'attendais à mieux."
608,443,443,5,"Inoubliable, l'un des meilleurs concerts que j'ai vus !"
738,913,913,1,"Mauvaise prestation, j'ai été déçu."
553,853,853,4,"Très bon concert, une ambiance incroyable !"
248,18,18,3,"Bien mais sans plus, manquait d'originalité."
853,203,203,2,"Décevant, je n'ai pas accroché."
818,583,583,5,"Fantastique, une expérience musicale unique !"
383,953,953,1,"Piètre prestation, je ne recommande pas."
138,673,673,4,"Génial, une performance énergique et captivante !"
848,83,83,3,"Moyenne, rien de marquant."
368,78,78,2,"Pas convaincant, je n'ai pas été transporté."
473,678,678,5,"Incroyable, un talent exceptionnel !"
513,268,268,1,"Mauvais, une véritable déception."
363,308,308,4,"Très bonne performance, j'ai été impressionné !"
63,168,168,3,"Moyenne, ni bon ni mauvais."
283,333,333,2,"Décevant, pas à la hauteur de mes attentes."
463,513,513,5,"Excellent artiste, une prestation incroyable !"
533,348,348,1,"Nul, j'ai regretté d'y être allé."
773,98,98,4,"Super concert, une ambiance folle !"
873,343,343,3,"Moyenne, sans grande surprise."
378,788,788,2,"Pas terrible, je ne recommande pas."
113,628,628,5,"Fabuleux, une performance inoubliable !"
478,33,33,1,"Piètre prestation, à éviter."
88,118,118,4,"Génial, j'ai passé un moment génial !"
748,468,468,3,"Moyenne, sans grande originalité."
13,643,643,2,"Décevant, je m'attendais à mieux."
623,83,83,5,"Extraordinaire, un artiste hors du commun !"
698,53,53,1,"Pas du tout à mon goût, j'ai été déçu."
313,798,798,4,"Très bonne performance, une soirée mémorable !"
693,28,28,3,"Moyenne, sans grande surprise."
253,353,353,2,"Décevant, je n'ai pas accroché."
733,743,743,5,"Inoubliable, l'un des meilleurs concerts que j'ai vus !"
708,213,213,1,"Mauvaise prestation, je ne recommande pas."
223,968,968,5,"Très bon concert, une ambiance incroyable !"
78,783,783,3,"Mdrrr, c'était pas mal mais sans plus !"
678,483,483,2,"Bah nan, c'était pas ouf du tout !"
283,488,488,4,"Oh ptn c'était ouf, j'ai kiffé à mort !"
328,58,58,1,"Nan mais franchement c'était trop nul, j'suis dégoûté..."
673,298,298,5,"La grosse tuerie, l'artiste il a tout déchiré frère !"
973,698,698,3,"Pas mal le concert, ça passe tranquille quoi."
268,383,383,4,"Putain l'concert il était ouf, j'étais grave dedans !"
843,408,408,2,"Nan mais sérieux, j'suis déçu, c'était pas ouf du tout."
38,623,623,5,"Oulaïe, le concert il était oufissime, j'suis choqué !"
83,448,448,1,"Oh putain mais c'était la hess, j'suis dégoûté..."
98,428,428,4,"Trop bon le concert, j'ai kiffé à donf !"
508,323,323,3,"Pas mal, ça s'écoute, tranquille quoi !"
788,378,378,2,"Pfff, c'était nul, j'suis grave déçu..."
548,808,808,1,"C'était dla merde, j'suis grave déçu, j'te jure..."
743,918,918,4,"Oh putain, l'artiste il a tout niké, j'suis fan !"
758,28,28,5,"La tuerie du siècle, j'étais au paradis wallah !"
753,108,108,3,"Moyen moyen, y'avait rien de ouf quoi."
858,168,168,2,"Nan mais sérieux, c'était pas terrible du tout."
598,83,83,4,"C'était trop bien, j'ai grave kiffé frère !"
673,243,243,1,"Nan mais franchement c'était la cata, j'suis dégoûté..."
93,558,558,5,"Le concert il était trop ouf, j'suis sur un nuage !"
793,873,873,3,"Pas mal le concert, ça se laisse écouter."
558,988,988,2,"Bof bof, j'ai pas trop aimé en fait."
223,148,148,5,"Oh putain, c'était la folie furieuse, j'en reviens pas !"
23,508,508,1,"Mais c'était trop nul sérieux, j'suis grave déçu..."
688,438,438,4,"L'concert il était d'la bombe, j'étais en transe !"
83,378,378,3,"Mouais, ça va, c'était pas non plus ouf ouf."
98,933,933,2,"Franchement, j'ai pas kiffé du tout, c'était pas terrible."
748,228,228,5,"Un truc de malade, j'étais au paradis wallah !"
53,213,213,1,"Non mais c'était trop naze, j'suis trop dégoûté..."
183,848,848,4,"Le concert il était trop ouf, j'ai grave kiffé !"
903,448,448,3,"Pas mal, tranquille quoi, ça se laisse écouter."
953,513,513,2,"Putain mais sérieux, c'était trop nul, j'suis dégoûté..."
908,368,368,5,"Oh ouais, l'concert il était trop dar, j'suis fan !"
88,98,98,1,"C'était trop pourri, j'suis grave déçu..."
438,803,803,4,"Wesh wesh, c'était trop bien, j'étais en kiff total !"
23,958,958,3,"Pas ouf ouf, mais bon ça passe quoi."
248,553,553,2,"Franchement, j'ai pas kiffé du tout, c'était nul."
133,38,38,5,"Oulaïe, c'était la bombe atomique, j'suis sur un nuage !"
243,748,748,1,"Nan mais sérieux, c'était trop nul, j'suis grave déçu..."
13,548,548,4,"La grosse tuerie, j'étais en mode kiff total !"
283,928,928,3,"Pas mal, tranquille quoi, ça s'écoute."
338,83,83,2,"Putain c'était naze, j'ai pas aimé du tout."
348,678,678,5,"Oh la la, c'était trop ouf, j'suis choqué frère !"
223,238,238,1,"Mais c'était trop nul, j'suis grave déçu..."
883,908,908,4,"Franchement, l'concert il était trop bien, j'ai grave kiffé !"
848,183,183,3,"Moyen moyen, rien de fou quoi(coubeh)."
728,898,898,2,"Nan mais sérieux, c'était pas terrible du tout."
348,733,733,4,"Gnon, l'concert yétait fichtrement bô, une ambiance d'ouf !"
848,293,293,3,"Mouais, y'avait pire mais bon, ça m'a pas transcandé."
108,153,153,2,"Bah nan, c'était pas top du tout, j'ai été déçu."
283,883,883,5," l'concert yétait ouf, j'étais en transe !"
53,483,483,1,"Oh putain mais qu'ce tô de cata, j'suis dégoûté..."
603,613,613,4,"Oh la vâche, l'concert il était énorme, j'ai trop aimé !"
903,413,413,3,"Pas mal, ça s'écoute tranquille, ça va quoi."
8,938,938,2,"Non mais sérieux, c'était pas ouf du tout, j'ai pas aimé."
403,553,553,5,"La bougnette du siècle, j'étais sur un p'tit nuage là !"
588,308,308,1,"La gône, c'était qu'du gâchis, j'suis dégoûté..."
718,703,703,4," l'concert il était énorme, j'étais en kiff total !"
143,28,28,3,"Bah ça passe, c'était pas la mer à boire quoi."
608,128,128,2,"Pff, c'était pas ouf du tout, j'm'attendais à mieux."
528,513,513,5,"Trop bieng, l'concert yétait dingo, j'suis en extase !"
678,198,198,1,"Oh putain mais qu'ce que c'était nul, j'suis dégoûté..."
158,533,533,4,"La gône, l'concert il était lourd, j'ai trop kiffé !"
313,673,673,3,"Ça passe tranquille, y'avait rien d'ouf quoi."
443,218,218,2,"Nan mais sérieux, j'ai pas kiffé du tout, c'était pas terrible."
443,613,613,5,"La guédille du siècle, j'étais aux anges là !"
388,413,413,1,"Oh putain, c'était trop naze, j'suis grave déçu..."
313,623,623,4,"La gône, l'concert il était oufissime, j'étais sur un p'tit nuage !"
33,738,738,3,"Pas mal, tranquille quoi, ça passe."
638,533,533,2,"Franchement, j'ai pas kiffé du tout, c'était pas top."
993,93,93,5,"Oh ouais, l'concert yétait trop bien, j'suis fan !"
973,953,953,1,"Nan mais sérieux, c'était que du gâchis, j'suis dégoûté..."
428,403,403,4,"La gône, l'concert yétait trop bieng, j'étais en transe !"
498,403,403,3,"Mouais, ça s'écoute tranquille, rien d'extraordinaire."
958,673,673,2,"Ah non, c'était pas terrible du tout, j'ai pas aimé."
573,988,988,5,"  , l'concert il était fichtrement bô, j'ai trop aimé !"
513,403,403,1,"La cata totale, j'suis grave déçu..."
453,478,478,4,"Oh la vâche, l'concert yétait oufissime, j'étais en kiff total !"
213,798,798,3,"Bah ça passe tranquille, rien de fou quoi."
813,13,13,2,"Non mais sérieux, c'était pas top du tout, j'm'attendais à mieux."
38,808,808,5,"  , l'concert yétait trop bieng, j'étais aux anges !"
748,863,863,1,"La cata totale, j'suis grave déçu..."
788,823,823,4,"La gône, l'concert il était énorme, j'ai trop kiffé !"
198,73,73,3,"Pas mal, ça passe tranquille, c'était sympa."
648,13,13,2,"Franchement, j'ai pas kiffé du tout, c'était pas terrible."
978,368,368,5,"Oh ouais, l'concert yétait fichtrement bô, j'suis fan !"
943,568,568,1,"La cata totale, j'suis grave déçu..."
648,713,713,4,"La gône, l'concert il était oufissime, j'étais sur un p'tit nuage !"
73,318,318,3,"Ça passe tranquille, y'avait rien d'ouf quoi."
43,508,508,2,"Nan mais sérieux, j'ai pas kiffé du tout, c'était pas terrible."
53,388,388,5,"  , l'concert yétait trop bien, j'ai trop aimé !"
213,808,808,1,"Non mais sérieux, c'était que du gâchis, j'suis dégoûté..."
153,983,983,4,"La gône, l'concert yétait énorme, j'ai trop kiffé !"
433,308,308,3,"Mouais, ça s'écoute tranquille, c'était sympa."
208,313,313,2,"Pff, c'était pas terrible du tout, j'm'attendais à mieux."
743,13,13,5,"  , l'concert il était fichtrement bô, j'suis fan !"
863,803,803,1,"La cata totale, j'suis dégoûté..."
298,208,208,4,"La gône, l'concert il était ouf, j'étais en extase !"
933,988,988,3,"Pas mal, tranquille quoi, ça s'écoute."
978,643,643,2,"Bah nan, c'était pas top du tout, j'ai été déçu."
203,193,193,5,"Oh la vâche, l'concert yétait trop bien, j'suis choqué là !"
803,318,318,1,"La cata totale, j'suis grave déçu..."
173,563,563,4,"  , l'concert yétait énorme, j'étais en kiff total !"
83,218,218,3,"Mouais, ça passe tranquille, rien de fou quoi."
483,763,763,2,"Non mais sérieux, j'ai pas kiffé du tout, c'était pas terrible."
473,988,988,5,"Trop bieng, l'concert yétait fichtrement bô, j'suis fan !"
208,663,663,1,"La cata totale, j'suis grave déçu..."
963,983,983,4,"La gône, l'concert il était ouf, j'ai trop aimé !"
673,508,508,3,"Ça passe tranquille, c'était sympa quoi."
938,828,828,2,"Franchement, j'ai pas kiffé du tout, c'était pas top."
193,33,33,5,"Oh ouais, l'concert yétait trop bieng, j'suis en kiff total !"
323,28,28,1,"Non mais sérieux, c'était que du gâchis, j'suis dégoûté..."
268,248,248,4,"La gône, l'concert il était énorme, j'ai trop kiffé !"
608,468,468,3,"Pas mal, ça s'écoute tranquille, c'était sympa quoi."
373,728,728,2,"Bah nan, j'ai pas kiffé du tout, c'était pas terrible."
228,323,323,5,"  , l'concert yétait trop bien, j'étais sur un p'tit nuage !"
88,618,618,1,"La cata totale, j'suis dégoûté..."
403,343,343,4,"La gône, l'concert il était oufissime, j'suis choqué là !"
973,458,458,3,"Mouais, ça passe tranquille, rien de fou quoi."
48,523,523,2,"Pff, c'était pas terrible du tout, j'm'attendais à mieux."
28,508,508,5,"Trop bieng, l'concert yétait fichtrement bô, j'suis en extase !"
923,588,588,1,"La cata totale, j'suis grave déçu..."
503,868,868,4,"La gône, l'concert il était oufissime, j'ai trop aimé !"
8,888,888,3,"Pas mal, tranquille quoi, ça s'écoute."
838,858,858,2,"Bah nan, j'ai pas kiffé du tout, c'était pas terrible."
608,893,893,5," , l'concert yétait trop bieng, j'suis en transe !"
253,553,553,4,"Trop bin, l'concert iétot vraiment bin, j'ai bie kiffé !"
83,973,973,3,"Pas mauvais, cha s'écoute tranquille, cha iétot simpa."
428,923,923,2,"Bof, cha n'm'a pas trop plu, ch'étot pas tip top."
423,163,163,1,"Ah nan, cha iétot vraimint pas bin, j'suis déçu..."
823,148,148,4,"Oh ouais, l'concert iétot vraimint bin, j'suis fan !"
968,563,563,3,"Pas mal du tout, cha passe tranquille, iétot simpa."
173,588,588,2,"Bof, j'ai pas bie kiffé, cha n'té pas trop bin."
673,883,883,5,"Véritablemint bin, l'concert iétot vraimint bin, j'ai adoré !"
803,953,953,1,"Vraimint pas bin, cha n'valot pas l'coup, j'suis déçu..."
293,33,33,4,"Oh ouais, l'concert iétot vraimint bin, j'suis trop happy !"
848,488,488,3,"Cha s'écoute tranquille, iétot pas mal du tout."
318,973,973,2,"Pas bie kiffé, cha n'm'a pas trop plu, ch'étot pas tip top."
38,513,513,5,"Véritablemint bin, l'concert iétot vraimint bin, j'suis fan !"
953,498,498,1,"Pas bin du tout, cha n'valot pas l'coup, j'suis déçu..."
213,543,543,4,"Oh ouais, l'concert iétot vraimint bin, j'me suis trop éclaté !"
973,898,898,3,"Pas mal du tout, cha s'écoute tranquille, iétot simpa."
213,293,293,2,"Bof, cha n'm'a pas trop plu, ch'étot pas tip top."
698,688,688,5,"Véritablemint bin, l'concert iétot vraimint bin, j'ai kiffé à mort !"
103,893,893,1,"Vraimint pas bin, cha n'té pas du tout bin, j'suis déçu..."
723,993,993,4,"Oh ouais, l'concert iétot vraimint bin, j'suis trop content !"
8,313,313,3,"Pas mal du tout, cha s'écoute tranquille, iétot simpa."
33,258,258,2,"Bof, cha n'm'a pas trop plu, ch'étot pas tip top."
728,858,858,5,"Véritablemint bin, l'concert iétot vraimint bin, j'suis fan !"
928,338,338,1,"Vraimint pas bin, cha n'té pas du tout bin, j'suis déçu..."
618,243,243,4,"Oh ouais, l'concert iétot vraimint bin, j'suis trop happy !"
103,968,968,3,"Pas mal du tout, cha s'écoute tranquille, iétot simpa."
743,623,623,2,"Bof, cha n'm'a pas trop plu, ch'étot pas tip top."
768,518,518,5,"Véritablemint bin, l'concert iétot vraimint bin, j'ai adoré !"
108,943,943,4,"Trop bien l'concert, une ambiance de ouf, j'ai kiffé !"
98,28,28,3,"Pas mal du tout, ça s'écoute tranquille, c'était cool."
673,798,798,2,"Bof, j'ai pas trop aimé, c'était moyen."
773,788,788,1,"Ah non, c'était vraiment pas bien, je suis déçu..."
188,653,653,4,"Oh ouais, l'concert était trop bien, j'ai adoré !"
308,908,908,3,"Pas mal du tout, ça passe tranquille, c'était sympa."
748,373,373,2,"Bof, j'ai pas trop kiffé, c'était moyen."
948,678,678,5,"Trop bien, l'concert était vraiment top, j'ai trop aimé !"
233,313,313,1,"Vraiment pas bien, ça valait pas le coup, je suis déçu..."
868,858,858,4,"Oh ouais, l'concert était trop bien, j'étais trop happy !"
228,168,168,3,"Pas mal du tout, ça s'écoute tranquille, c'était sympa."
903,538,538,2,"Bof, j'ai pas trop aimé, c'était moyen."
888,838,838,5,"Trop bien, l'concert était vraiment top, j'étais trop fan !"
783,133,133,1,"Vraiment pas bien, ça valait pas le coup, je suis déçu..."
313,613,613,4,"Oh ouais, l'concert était trop bien, j'me suis trop éclaté !"
358,48,48,3,"Pas mal du tout, ça s'écoute tranquille, c'était sympa."
668,8,8,2,"Bof, j'ai pas trop kiffé, c'était moyen."
98,878,878,5,"Trop bien, l'concert était vraiment top, j'ai trop kiffé à mort !"
338,13,13,1,"Vraiment pas bien, ça valait pas le coup, je suis déçu..."
653,758,758,4,"Oh ouais, l'concert était trop bien, j'étais trop content !"
93,173,173,3,"Pas mal du tout, ça s'écoute tranquille, c'était sympa."
743,708,708,2,"Bof, j'ai pas trop aimé, c'était moyen."
478,578,578,5,"Trop bien, l'concert était vraiment top, j'étais trop fan !"
218,308,308,1,"Vraiment pas bien, ça valait pas le coup, je suis déçu..."
613,438,438,4,"Oh ouais, l'concert était trop bien, j'étais trop happy !"
688,113,113,3,"Pas mal du tout, ça s'écoute tranquille, c'était sympa."
398,273,273,2,"Bof, j'ai pas trop kiffé, c'était moyen."
223,773,773,5,"Trop bien, l'concert était vraiment top, j'ai adoré !"
98,298,298,5,"Granz concert, une ambience incroiable !"
808,23,23,3,"Pas mal du tout, cela s'escoute tranquilement, c'estoit plaisant."
543,188,188,2,"Boff, je n'ai pas trop aimé, cela estoit médiocre."
618,983,983,1,"Hélas, cela n'estoit vraiment pas bien, je suis desplaisi..."
908,273,273,4,"Oh ouais, le concert estoit trop bien, j'ai adoré !"
743,668,668,3,"Pas mal du tout, cela s'escoute tranquilement, c'estoit plaisant."
143,88,88,2,"Boff, je n'ai pas trop aimé, cela estoit médiocre."
958,13,13,5,"Trop bien, le concert estoit vraiment excellent, j'ai trop aimé !"
623,28,28,1,"Vraiment pas bien, cela ne valoit point le coup, je suis desplaisi..."
58,168,168,4,"Oh ouais, le concert estoit trop bien, j'estois trop joyeux !"
33,498,498,3,"Pas mal du tout, cela s'escoute tranquilement, c'estoit plaisant."
623,203,203,2,"Boff, je n'ai pas trop aimé, cela estoit médiocre."
98,883,883,5,"Trop bien, le concert estoit vraiment excellent, j'estois trop fan !"
973,233,233,1,"Vraiment pas bien, cela ne valoit point le coup, je suis desplaisi..."
778,518,518,4,"Oh ouais, le concert estoit trop bien, je me suis trop amusé !"
813,863,863,3,"Pas mal du tout, cela s'escoute tranquilement, c'estoit plaisant."
313,33,33,2,"Boff, je n'ai pas trop aimé, cela estoit médiocre."
618,3,3,5,"Trop bien, le concert estoit vraiment excellent, j'ai trop aimé à mort !"
923,388,388,1,"Vraiment pas bien, cela ne valoit point le coup, je suis desplaisi..."
238,208,208,4,"Oh ouais, le concert estoit trop bien, j'estois trop content !"
128,33,33,3,"Pas mal du tout, cela s'escoute tranquilement, c'estoit plaisant."
748,933,933,2,"Boff, je n'ai pas trop aimé, cela estoit médiocre."
558,153,153,5,"Trop bien, le concert estoit vraiment excellent, j'estois trop fan !"
868,698,698,1,"Vraiment pas bien, cela ne valoit point le coup, je suis desplaisi..."
918,588,588,4,"Oh ouais, le concert estoit trop bien, j'estois trop joyeux !"
383,663,663,3,"Pas mal du tout, cela s'escoute tranquilement, c'estoit plaisant."
643,173,173,2,"Boff, je n'ai pas trop aimé, cela estoit médiocre."
233,913,913,5,"Trop bien, le concert estoit vraiment excellent, j'ai adoré !"
363,318,318,5,X'rak zolok srunok!
963,593,593,3,Vlok'esh zorgon glixar.
938,688,688,2,Blorgor mesh'nok xaltrex.
703,308,308,1,Gnashor vrex plaxor zorg!
978,733,733,4,Nexar glizok plorsh vralor.
313,618,618,3,Xlorgor klentrex snoxor mosh.
458,458,458,2,Shlonk blorgor glixar xentar.
448,493,493,5,Zorgor klentar vralor plaxar!
218,283,283,1,Glixor plorgor vrex zornok!
308,403,403,4,Xlentar vrek shlorxor klaxor!
798,778,778,3,Mesh'nok plaxar klorgor shlonk.
473,723,723,2,Glixor blorxor zorgor vrex.
398,263,263,5,Plorgor klaxar zornok vralor!
93,258,258,1,Vrek shlorxor zorgor plaxor!
163,778,778,4,Xlorgor vrek klaxar plentrex!
558,928,928,3,Mesh'nok plaxor klorgor shlonk.
928,458,458,2,Glixor blorxor zorgor vrex.
853,143,143,5,Plorgor klaxar zornok vralor!
373,113,113,1,Vrek shlorxor zorgor plaxor!
553,603,603,4,Xlorgor vrek klaxar plentrex!
278,843,843,3,Mesh'nok plaxor klorgor shlonk.
438,83,83,2,Glixor blorxor zorgor vrex.
688,158,158,5,Plorgor klaxar zornok vralor!
878,743,743,1,Vrek shlorxor zorgor plaxor!
338,88,88,4,Xlorgor vrek klaxar plentrex!
423,548,548,3,Mesh'nok plaxor klorgor shlonk.
28,738,738,2,Glixor blorxor zorgor vrex.
303,318,318,5,Plorgor klaxar zornok vralor!
978,453,453,5,Bonzour konser sa ti top !
478,623,623,3,"Pa ti mal, me pa ti top nonpli."
883,513,513,2,"Enn ti dezoutwar, pa tro bon."
818,488,488,1,"Traka, pa ti bon del tou!"
893,193,193,4,"Bonn zistwar, enn performans bon!"
863,988,988,3,"Ti kor, pa tro nanye."
763,128,128,2,"Mo ti pe atann plis, dezoutwar."
903,438,438,5,Bonzour konser sa ti extra!
223,463,463,1,"Pa ti byen, del dezepsiyon."
238,243,243,4,"Bonn zistwar, enn bann moman kapivan!"
578,243,243,3,"Ti kouma sa, pa tro serye."
18,223,223,2,"Pa ti bon, ti pe atann plis."
43,898,898,5,"Zisann, enn performans extra!"
198,993,993,1,Pa ti bon del tou!
178,873,873,4,"Bonn zistwar, enn moman kapivan!"
413,283,283,3,"Ti kouma sa, pa tro nanye."
298,898,898,2,"Pa ti byen, del dezepsiyon."
353,848,848,5,"Zisann, enn performans extra!"
403,688,688,1,Pa ti bon del tou!
928,203,203,4,"Bonn zistwar, enn moman kapivan!"
68,768,768,3,"Ti kouma sa, pa tro serye."
953,468,468,2,"Pa ti byen, ti pe atann plis."
343,188,188,5,"Zisann, enn performans extra!"
268,878,878,1,Pa ti bon del tou!
398,988,988,4,"Bonn zistwar, enn moman kapivan!"
523,403,403,3,"Ti kouma sa, pa tro nanye."
28,153,153,2,"Pa ti byen, del dezepsiyon."
773,538,538,5,"Zisann, enn performans extra!"
728,813,813,5,"Mnawar khsousa, jawwak al-ajwaa!"
333,888,888,3,"Ma byesta7o, bas ma byemshi 3laiya."
593,228,228,2,"La7meh sa2le, mish bhebha ktir."
798,863,863,1,"Sa3b, ma keno 7elo kteer!"
388,488,488,4,"Sira sa7bi, performance kteer 7elweh!"
128,23,23,3,"Btzakkar, mish ktir bhebha."
88,608,608,2,"Keno btet7assel ktir, ma keno 3ajbe."
28,118,118,5,"Mnawar khsousa, 7elweh ktir!"
618,293,293,1,"Ma keno 7elo, byemshi 3laiya."
418,773,773,4,"Sira sa7bi, lahza ktir 3ajbe!"
53,408,408,3,"Btzakkar, mish ktir serye."
663,908,908,2,"Ma keno 7elo, keno byet7assel ktir."
478,988,988,5,"Mnawar khsousa, performance 7elweh!"
523,663,663,1,Ma keno 7elo kteer!
643,548,548,4,"Sira sa7bi, lahza ktir 3ajbe!"
923,363,363,3,"Btzakkar, mish ktir bhebha."
863,133,133,2,"Ma keno 7elo, byemshi 3laiya."
618,833,833,5,"Mnawar khsousa, performance 7elweh!"
668,953,953,1,Ma keno 7elo kteer!
298,758,758,4,"Sira sa7bi, lahza ktir 3ajbe!"
963,833,833,3,"Btzakkar, mish ktir serye."
18,503,503,2,"Ma keno 7elo, keno byet7assel ktir."
658,418,418,5,"Mnawar khsousa, performance 7elweh!"
223,408,408,1,Ma keno 7elo kteer!
333,583,583,4,"Sira sa7bi, lahza ktir 3ajbe!"
653,283,283,3,"Btzakkar, mish ktir bhebha."
688,793,793,2,"Ma keno 7elo, byemshi 3laiya."
573,433,433,5,"Mnawar khsousa, performance 7elweh!"
938,738,738,5,Anbians-ay! Anbians-ay inoubliyab!
828,383,383,3,"Pa té ni anpil choz, men pa té mové nonpli."
838,668,668,2,Manjé-la tèlman sa ka fré mal.
208,553,553,1,"Pa té ni anyen, sa pa té bèl menm!"
913,23,23,4,"Sé vréman bon, sa ka ba anpil laplèzi!"
348,738,738,3,"Sa ka fè swen, men sa pa ka trap cho."
33,553,553,2,"Sa té lévé anpil, men sa pa té twò bon."
98,493,493,5,Anbians-ay! Anbians-ay sa ka ba anpil laplèzi!
613,103,103,1,"Sa pa té bèl, li té pa pli bon nonpli."
243,63,63,4,"Sé vréman bon, anpil mizik sa te ka ba!"
993,123,123,3,"Sa ka fè swen, men sa pa ka trap cho."
938,813,813,2,"Sa pa té bèl, sa té lévé anpil nonpli."
583,298,298,5,Anbians-ay! Performance a té vréman bon!
228,913,913,1,Sa pa té bèl nonpli!
383,183,183,4,"Sé vréman bon, anpil laplèzi sa té ka ba!"
583,453,453,3,"Sa ka fè swen, men sa pa té ka trap cho."
438,448,448,2,"Sa pa té bèl, li té pa pli bon nonpli."
373,78,78,5,Anbians-ay! Performance a té vréman bon!
498,858,858,5,"Amazing atmosphere, truly unforgettable!"
863,568,568,3,"Nothing special, but not bad either."
223,878,878,2,The food was quite disappointing.
903,13,13,1,"There wasn't much, it wasn't great either."
598,973,973,4,"It's really good, very enjoyable!"
648,453,453,3,"It's decent, but nothing outstanding."
703,283,283,2,"It was overhyped, but not that great."
863,908,908,5,"Amazing atmosphere, it's a lot of fun!"
138,773,773,1,"It wasn't great, it wasn't even good."
223,128,128,4,"It's really good, the music was great!"
718,888,888,3,"It's decent, but nothing extraordinary."
473,778,778,2,"It wasn't great, it was overrated."
983,478,478,5,"Amazing performance, truly outstanding!"
913,363,363,1,It wasn't great at all!
588,418,418,4,"It's really good, it gave a lot of pleasure!"
203,988,988,3,"It's decent, but it didn't stand out much."
223,333,333,2,"It wasn't great, it wasn't even good."
718,823,823,5,"Amazing performance, truly outstanding!"
833,453,453,5,"¡Una atmósfera increíble, realmente inolvidable!"
673,608,608,3,"Nada especial, pero tampoco malo."
373,363,363,2,La comida fue bastante decepcionante.
493,253,253,1,"No había mucho, tampoco fue genial."
498,398,398,4,"¡Está realmente bien, muy disfrutable!"
88,723,723,3,"Es decente, pero nada excepcional."
968,453,453,2,"Estuvo sobrevalorado, pero no fue tan bueno."
88,138,138,5,"¡Una atmósfera increíble, es muy divertido!"
933,613,613,1,"No fue genial, ni siquiera fue bueno."
548,318,318,4,"Está realmente bien, ¡la música estuvo genial!"
848,328,328,3,"Es decente, pero nada extraordinario."
178,698,698,2,"No fue genial, estuvo sobrevalorado."
953,683,683,5,"¡Increíble actuación, realmente sobresaliente!"
313,573,573,1,No fue genial en absoluto.
828,353,353,4,"Está realmente bien, ¡dio mucho placer!"
103,778,778,3,"Es decente, pero no destacó mucho."
43,138,138,2,"No fue genial, ni siquiera fue bueno."
448,633,633,5,"¡Increíble actuación, realmente sobresaliente!"
53,48,48,5,"Невероятная атмосфера, просто потрясающе!"
238,778,778,3,"Ничего особенного, но и не плохо."
163,908,908,2,Еда оказалась довольно разочаровывающей.
253,183,183,1,"Было не ocoo много, но и не было замечательно."
238,763,763,4,"Очень хорошо, очень приятно!"
673,188,188,3,"Неплохо, но ничего особенного."
213,943,943,2,"Переоценено, но не так хорошо."
688,23,23,5,"Невероятная атмосфера, очень весело!"
43,618,618,1,"He было замечательно, даже не было хорошо."
613,783,783,4,"Очень хорошо, музыка была отличной!"
388,358,358,3,"Неплохо, но ничего особенного."
853,903,903,2,"He было замечательно, переоценено."
833,888,888,5,"Невероятное выступление, действительно выдающееся!"
828,703,703,1,Вовсе не было замечательно.
188,923,923,4,"Очень хорошо, очень понравилось!"
568,558,558,3,"Неплохо, но не выделялось."
233,378,378,2,"He было замечательно, даже не было хорошо."
788,393,393,5,"Невероятное выступление, действительно выдающееся!"
213,908,908,5,"Eine unglaubliche Atmosphäre, einfach fantastisch!"
513,698,698,3,"Nichts Besonderes, aber auch nicht schlecht."
663,228,228,2,Das Essen war enttäuschend.
248,708,708,1,"Es war nicht besonders gut, aber auch nicht schlecht."
503,828,828,4,"Sehr gut, sehr angenehm!"
43,913,913,3,"Nicht schlecht, aber nichts Besonderes."
608,418,418,2,"Überschätzt, aber nicht so gut."
858,198,198,5,"Eine unglaubliche Atmosphäre, sehr unterhaltsam!"
328,383,383,1,"Es war nicht besonders gut, nicht mal gut."
683,238,238,4,"Sehr gut, die Musik war großartig!"
358,593,593,3,"Nicht schlecht, aber nichts Herausragendes."
138,233,233,2,"Es war nicht besonders gut, es wurde überschätzt."
158,968,968,5,"Eine unglaubliche Performance, wirklich herausragend!"
543,698,698,1,Es war überhaupt nicht gut.
118,348,348,4,"Sehr gut, hat mir sehr gefallen!"
243,608,608,3,"Nicht schlecht, aber nichts Außergewöhnliches."
443,558,558,2,"Es war nicht besonders gut, nicht mal gut."
393,343,343,5,"Eine unglaubliche Performance, wirklich herausragend!"