email,genre,date_naissance,mdp,adresse,date_creation_compte
mperfitt0@yale.edu,Bigender,8/29/1986,d95aIU9KSWf,77721 Atwood Court,4/17/2018
mstallen1@amazon.co.jp,Female,8/27/1952,xm2h76Dz0,7 Merchant Terrace,10/12/2010
dmcphaden2@yolasite.com,Female,2/10/2002,dY1e0S4pnu,39148 Harper Point,8/22/1943
acastellaccio3@businesswire.com,Female,6/19/1936,twBqlMiA,71 Lighthouse Bay Place,7/13/1930
hhanner4@eepurl.com,Male,3/29/2008,MnBah3b,1 Center Point,1/31/1911
jstraneo5@java.com,Female,8/8/1937,D2lCF1Qb1a,965 Sauthoff Crossing,6/28/2009
omealing6@facebook.com,Male,12/24/2013,2KkNzDrAL,3358 Packers Drive,12/31/1947
cramsdell7@marketwatch.com,,11/1/2022,5gH2Pyk,916 Ronald Regan Street,1/25/1942
hauthers8@163.com,Male,8/13/1912,U1zLyV9ikPA,8941 Novick Junction,2/21/1973
bbellam9@twitpic.com,Non-binary,12/26/1943,tQmG4gFeqBS,58 Arizona Court,2/23/1983
fgillana@independent.co.uk,Female,5/2/2004,o6EfzQkj9,669 Eliot Place,2/16/1958
igraddonb@redcross.org,Female,12/25/1942,8HrLsso1,43 Kinsman Lane,2/16/2003
caugiec@mac.com,Female,11/10/2012,bjgAWjRYjnVt,9641 Sullivan Place,7/26/1986
cflanned@vistaprint.com,Female,5/18/1966,qHxo7kGgZ,1325 Judy Park,10/11/1991
jbamblette@walmart.com,Female,11/12/1966,fGDthz9r9vR,01190 Dorton Drive,6/24/2002
ssimaf@japanpost.jp,Female,5/25/1998,JQpfmm94F,875 Blaine Parkway,6/5/1930
mwalthog@istockphoto.com,Non-binary,9/24/2000,rchJ1A,4 Valley Edge Way,4/22/1998
dbudgeonh@rediff.com,,12/7/1924,oaRiaII69vE,9144 Lerdahl Court,11/23/2000
mpaulilloi@cloudflare.com,Genderfluid,3/18/1939,c8umok,7 Nelson Hill,10/24/1986
jtakosj@si.edu,Female,7/3/2020,UAHbioI,609 Riverside Crossing,10/10/1966
aneatk@github.io,Male,8/22/1959,lwgFKWm04I,3289 Grover Pass,5/1/1947
dskpseyl@ezinearticles.com,Male,2/12/1928,e3NDz8mp,7275 East Pass,10/30/1929
efochsm@chicagotribune.com,Male,1/11/2007,i2rkgqm3Gr,5 Bashford Center,4/24/1954
bstrovern@unblog.fr,Male,8/18/1999,4uwcblsjipO,1112 Red Cloud Trail,3/15/2008
wbilofskyo@sfgate.com,Female,2/22/2004,MtJs4KC,83875 Hazelcrest Street,10/13/2003
hmcauleyp@google.it,Female,2/7/1949,KSEBOaFjqQPW,277 Nobel Park,8/11/1960
mtuisonq@bigcartel.com,Female,3/27/1974,fG1mfn9w,4 Crownhardt Way,8/25/1972
crabbittsr@usgs.gov,Male,2/3/1989,CSWYc15NguF,8698 Sauthoff Avenue,3/31/1965
rriolfos@columbia.edu,Female,8/27/1990,D7ph7237lfn,7625 North Crossing,11/12/1963
mlascellt@sciencedirect.com,Female,11/20/1908,PGL5wtbAMdce,6837 Oak Terrace,6/8/1947
ledlinu@miibeian.gov.cn,Bigender,1/16/1919,GcZqCJeKs,8 Muir Street,5/28/2015
hitzkoviciv@ftc.gov,Male,9/12/1965,8WWUJm14Cg,179 Heath Parkway,3/1/1912
sphillipsonw@un.org,Female,4/6/1952,dHBg1I,5 Petterle Alley,3/8/1965
dshoemarkx@bbb.org,Male,3/18/2004,nV0VuVgwP,42763 Hoard Road,5/26/1967
kblayneyy@europa.eu,Male,12/4/1962,8e3518,5 Loftsgordon Place,1/31/1930
ypemberyz@mtv.com,Male,2/18/1975,ovBrGA37,69801 Golden Leaf Trail,3/5/1997
garrandale10@mashable.com,Female,9/28/1992,RAvG1rlmd9,37111 Sauthoff Crossing,11/25/1993
gbragger11@hc360.com,Female,9/29/1953,N6M1lf,4697 Farragut Park,12/22/1926
edundredge12@ameblo.jp,Male,2/28/1999,5nOInbjyFJw,599 Hoepker Court,4/11/1938
mrosario13@bloomberg.com,Female,6/20/2003,7R8hzyxag,97 Sauthoff Avenue,4/18/1951
kneesam14@paypal.com,Male,6/20/1963,5uJJ5uTHwIn,0121 Pennsylvania Junction,10/31/2004
nmatterdace15@examiner.com,Male,3/2/1976,hhNOUrTwq9,1716 Blaine Court,3/2/1964
mmcveigh16@jalbum.net,Male,1/31/1922,E0uu2t6unS9P,36298 Grim Alley,1/9/1952
nbohills17@nsw.gov.au,Male,9/27/2008,wXaIlTfz88q5,2 Bartillon Center,6/22/1985
gshirer18@aboutads.info,Female,5/26/1925,KY3OQgDtXC6m,1800 Southridge Circle,8/8/1997
gpinches19@a8.net,Female,9/4/1950,BM0GqrVJ,01970 Huxley Trail,4/3/1981
gpossel1a@bigcartel.com,Male,11/17/2011,cNzNEfhU,90 Tennessee Pass,10/20/1938
cbraim1b@comcast.net,Polygender,5/31/1950,T6g5A8M6Pm,34 Clarendon Center,6/7/1903
kkettoe1c@cafepress.com,Polygender,5/11/1929,oemMr4,85 Paget Alley,7/15/1974
bjevons1d@jimdo.com,Male,6/11/1910,yTuzsAJ,194 Corry Alley,1/2/1946
kyalden1e@youtube.com,Non-binary,7/12/1932,DsXDKc7Bqxng,8164 Graedel Crossing,7/2/1950
tsmalridge1f@shinystat.com,Male,10/9/1966,iG14Oo5nXk5,1 Lyons Pass,10/18/1921
lmulcaster1g@elegantthemes.com,,7/7/1929,ps8sM7QenOq,7 Spohn Center,8/15/1939
ggalletly1h@ehow.com,Male,6/6/1900,hfCgo65yPex,7 Tony Crossing,8/31/1997
sbresner1i@elegantthemes.com,Non-binary,8/11/1934,okCxuulae,03 Walton Center,7/26/2000
dkops1j@forbes.com,Female,12/12/1944,AD2Pk3AE6ig,93180 Waxwing Avenue,12/24/1964
rreboul1k@bigcartel.com.jp,Female,10/15/1917,Rjf0v0m5Yr5z,157 Bashford Pass,10/30/1973
mswitland1l@creativecommons.org,Genderfluid,9/16/1999,Px4I4oXk,86497 Scofield Crossing,10/7/1934
gdougher1m@flavors.me,,1/31/1926,0Hm9894u,1912 Ryan Avenue,3/25/2016
lmurty1n@wordpress.com,Male,5/5/2014,fknM6cOl,79539 Mallory Street,1/3/1929
nkingett1o@apple.com,Female,5/11/1921,NwY9dBVlHkB,7 Ludington Center,3/28/1941
chowgate1p@disqus.com,Male,10/24/1930,O69Z8xmle5bn,050 Brown Hill,10/19/1941
pdelahunt1q@spiegel.de,Female,8/27/2002,Dwh7Jol,97 Magdeline Crossing,8/24/1912
mspringall1r@stanford.edu,Female,4/19/1954,DvpPO6WMGIth,95393 Anthes Crossing,6/6/2003
maulsford1s@joomla.org,Male,5/11/1960,SQM8AxSMm41I,46 Bunting Place,9/9/1951
kffoulkes1t@boston.com,Male,1/15/1936,sPilKpkEzm,53974 Shopko Avenue,10/28/1973
cmacnaughton1u@odnoklassniki.ru,Male,7/3/1955,9zRKRt8bTSMv,9267 Harbort Parkway,9/3/1951
hyearby1v@yandex.ru,Male,3/24/1947,Bk205e5dy2,1 Merchant Trail,7/18/1988
owiley1w@clickbank.net,Male,6/2/1982,tG6FQsH9,95856 Sunbrook Center,9/20/1988
fleare1x@quantcast.com,Female,11/16/1976,nvRAFM,281 Eliot Street,8/25/1931
lminmagh1y@techcrunch.com,Male,3/6/1964,8qxcl7Q7m0,74986 Basil Street,9/30/1933
wwillerson1z@berkeley.edu,Male,2/17/1947,JzZ2vwo9NFP,1352 Spenser Road,10/17/1911
atomik20@salon.com,Male,1/4/1912,cWDDshvM,2425 Eastlawn Way,12/25/1979
cnason21@163.com,Female,11/8/1995,TS9yVgVRTfg,7478 Lien Place,9/2/2022
cmoogan22@spiegel.de,Female,3/22/1916,MjCGmE4fB,64 Warbler Alley,1/23/1907
avasyuchov23@yellowbook.com,Male,9/20/1970,CV49YAm5Jvt,11223 Talisman Court,9/11/1935
pantoniak24@pbs.org,Female,9/23/1991,jM2QuwXuQ,4517 Coolidge Trail,3/1/1924
ekleinhandler25@flickr.com,Female,9/6/1971,SNJGAX7l0SS,8308 Maywood Road,5/12/2018
aewell26@fema.gov,Male,11/23/2011,3mvZqzF,20 Maywood Junction,12/20/1970
klimbrick27@ebay.co.uk,Male,12/11/1927,Z5RUkmNtp7,626 Iowa Alley,7/1/2004
gvasyanin28@usgs.gov,Female,12/4/1937,5D9rgvEF,269 Dakota Way,6/30/1997
mstangoe29@earthlink.net,Male,10/23/2007,CFeD1wLCOw,96806 Bunker Hill Park,3/29/2016
ddrewell2a@unicef.org,Female,2/25/1974,6g9hw0oqACQi,2018 Jay Point,4/5/1904
mjocelyn2b@hhs.gov,Male,12/5/1974,ErmOrwcpx,4 Transport Circle,9/4/1983
wdunckley2c@webnode.com,Female,3/25/1907,5hg7M8xjQ,3857 Mendota Center,11/19/1949
tmaccolgan2d@yahoo.com,Male,7/25/2008,sXtUtMLur,9370 4th Center,7/18/1908
amacphee2e@comcast.net,Female,5/27/1953,zFANqS1HCWZW,8446 Trailsway Lane,10/20/1928
kridwood2f@google.es,Female,11/10/1955,HOHLCqju,87114 Golf View Road,8/28/1958
pbesset2g@japanpost.jp,,9/5/1952,gDIHjIQ,2167 Maywood Park,8/25/1910
bwaterworth2h@list-manage.com,Male,8/4/1970,afKOTEIgKU,048 Annamark Pass,10/21/1973
vloblie2i@aboutads.info,Female,5/14/1927,unejIrRbZ7,95701 Barnett Way,11/3/2008
etwiggs2j@ocn.ne.jp,Male,11/8/1921,NhDJDMO5mi,06539 Green Place,2/27/1954
evasyanin2k@tiny.cc,Genderfluid,10/19/1921,s5dhFO,97 Golden Leaf Park,8/12/2010
kwatkiss2l@tinypic.com,Male,10/31/2009,Dddwn99RlYub,20561 Scofield Parkway,2/13/1978
sminghi2m@yahoo.com,Female,11/30/2019,epuO8lDlyu,82403 Granby Alley,3/4/1932
adoggerell2n@spotify.com,,9/21/2002,u2WQElxgBw,836 North Trail,3/21/1931
slowes2o@house.gov,Male,12/13/1944,HCPIdwauuLPu,60592 Dahle Point,11/22/1974
wmyhan2p@yellowbook.com,Female,10/12/1946,c06fPDBVf,889 Redwing Point,1/29/1991
cgrafhom2q@kickstarter.com,Male,8/22/1978,OVxbHG03Hd,4780 Portage Place,5/9/1935
elark2r@bbb.org,Male,5/28/1961,suadcq7,9 Cardinal Way,1/27/1974
kdeards2s@ucoz.ru,Female,9/1/1943,NVns1rLY3by,042 Manley Crossing,1/29/1952
ejosovich2t@java.com,Male,8/23/1968,yfrAv1p,5 High Crossing Park,6/19/2017
cyurkevich2u@nih.gov,Male,4/10/1923,J2VPfnshrzWK,06 Coleman Plaza,1/5/1995
awinley2v@ucsd.edu,Male,9/30/1948,b0OjjmMiRg,54 Pepper Wood Plaza,1/24/1954
jhanselmann2w@independent.co.uk,Male,2/25/2004,LQQO04bch,2405 Carpenter Center,5/3/2003
ereynold2x@vimeo.com,Female,9/9/1964,aqvOUhv,218 Bobwhite Road,1/26/1915
obrogini2y@ifeng.com,Female,12/7/1910,JiVeR3m,13 Loftsgordon Lane,10/17/1992
smithon2z@wsj.com,Female,4/24/1913,dKcHt6mgd,1690 Maple Wood Avenue,8/5/2008
mrigby30@tmall.com,Male,8/28/2020,KgLJGiwb,35462 Rusk Street,7/25/1985
silott31@oaic.gov.au,Male,3/7/1904,fy00tL1,6 Blaine Street,3/27/1927
rmcdool32@simplemachines.org,Female,3/22/1972,YoKc8LjIOZ,704 Service Junction,10/7/1990
lbartelsellis33@geocities.jp,Male,6/3/1981,nKsKEAzpaVb7,5 Burning Wood Alley,5/20/1988
yjanson34@ihg.com,Male,3/4/1924,FvGTSzhoxN,8 Main Place,11/10/1900
kmcgraith35@slashdot.org,,12/12/1944,XPvw8Ev,04 Westerfield Street,3/8/1965
aluke36@census.gov,Male,4/19/1943,n2jF6I02peS,81983 Dwight Road,7/23/1923
lskeech37@etsy.com,Male,4/8/1987,5zq86v5EZrD,979 Summit Alley,11/14/1917
lsturdey38@biblegateway.com,Male,11/6/1932,CLRwks,4367 Oriole Park,5/19/1912
glafee39@shinystat.com,Agender,8/19/1959,GH4LpZtVr,2 Morningstar Trail,2/18/1991
uaggus3a@bing.com,Female,7/5/1925,jimvhAkFx,3156 Kenwood Parkway,9/7/1950
apeerman3b@addtoany.com,Female,12/25/1947,kYRntR3zmkJQ,99 Sundown Parkway,1/1/1922
hbleasdille3c@spotify.com,Female,1/26/1984,N4aBTc,8 Shopko Road,4/19/1989
mellesworth3d@fema.gov,Male,5/13/2013,SfPqMLh,0 Redwing Pass,2/15/1946
zmaasze3e@ox.ac.uk,Female,10/9/2007,Lg5GXXY,0 Roxbury Road,8/23/1966
whaggerty3f@tuttocitta.it,Male,11/10/1917,S6xF8asD0,52 Scott Lane,9/16/2004
amorant3g@weebly.com,Female,10/14/2017,2pEIT6zMHkN,076 Hollow Ridge Point,9/23/2014
cedgeson3h@liveinternet.ru,Male,2/12/1918,tG7a0S2MkW,9 Moulton Circle,11/15/1947
bcamies3i@geocities.jp,Female,6/24/1937,XmJ5DEoFyK,848 Comanche Circle,12/18/1905
ageaves3j@china.com.cn,,9/9/1999,Uz04hHpx,2797 Drewry Center,1/9/1995
jgammon3k@icq.com,Female,2/20/1989,m5kUvHf,2 Miller Lane,9/10/2022
jgritsaev3l@seattletimes.com,Male,9/20/1901,e2oQH2BcUmP,1 Bobwhite Trail,7/30/1975
pbreitling3m@mozilla.org,Female,9/28/1926,YpfE6v,31 Warrior Park,9/3/1963
jgunby3n@archive.org,Female,6/24/1912,c3qaZbUKHD,2 Erie Alley,9/24/2001
fmchugh3o@wunderground.com,Female,12/15/1971,xGLGOAl2NF,99 Susan Hill,7/18/2017
shesbrook3p@clickbank.net,Female,11/22/1968,uCycSji4b0xl,2278 Meadow Ridge Alley,8/30/1992
kbroker3q@amazon.co.jp,Female,5/11/2000,CtnGozo9iAyM,240 Rigney Alley,8/27/1914
fdekeep3r@sohu.com,Female,2/15/1908,9qa8IK,492 Springs Park,2/11/1947
rcopplestone3s@reverbnation.com,Male,1/26/1924,vaShzg,45 Oneill Hill,1/13/1956
awhitelock3t@vistaprint.com,Male,10/29/1988,cyAaaw51,00 Ridgeway Park,10/28/1953
kpendre3u@msn.com,Male,11/11/1951,85bSj6pgai,5012 North Park,5/26/1952
mmerington3v@mozilla.com,Male,5/25/1921,4FhmitP,3603 Independence Point,10/30/1985
cmoncarr3w@netscape.com,Male,12/29/1933,3Fhdv5ntH,66 Butterfield Crossing,8/17/2020
ggaskarth3x@java.com,Female,7/7/2009,5HrA3B,24424 Shoshone Court,6/8/1920
wrabjohn3y@alibaba.com,Female,7/7/1984,Gr6Zp6law,2153 Crescent Oaks Hill,4/8/1953
ocargon3z@go.com,,5/31/1939,2XMtyN,4 Esker Way,9/21/1977
belvins40@yellowpages.com,Male,4/24/2013,1Jrq2QST,77 Schiller Place,12/21/1995
lcrush41@squidoo.com,Male,3/2/1945,snBezmu,82386 Sunbrook Hill,3/23/1991
rswinyard42@weebly.com,Male,7/26/1944,f01Yxr,7 Delladonna Street,3/25/1998
obowkett43@pinterest.com,Male,12/14/1904,UpzRzsFyT,098 Pennsylvania Terrace,4/16/2007
ebusain44@stanford.edu,Male,5/19/1953,8CAcobhYwej,96611 Walton Drive,9/23/1941
bbison45@independent.co.uk,Bigender,2/19/1971,2LGvfvQMSm,9721 Hayes Place,6/23/1969
ghuxster46@freewebs.com,Polygender,3/29/1976,ANZ4InM1,6457 Troy Crossing,1/10/2005
mlamberton47@imgur.com,Genderqueer,8/9/1945,8fSoJ2XLc,4088 Forster Plaza,4/6/1901
sfishpool48@eepurl.com,,10/15/2000,0x9H3X,445 Fieldstone Point,2/22/1931
vhaysham49@fastcompany.com,Male,2/11/1971,21qS68bWo,32839 Wayridge Court,12/23/2015
jblazi4a@squidoo.com,Female,6/13/1941,uGTO0zh3,7 Del Sol Way,11/2/2009
thaugh4b@prnewswire.com,Female,7/19/1995,m4xcPijhq,14763 Haas Park,10/5/1980
mlebond4c@cam.ac.uk,Female,4/9/1957,0nX7jz,51 Declaration Road,7/15/1928
wlapslie4d@redcross.org,Female,11/24/1983,1mdnUB,1 Bluejay Terrace,3/27/1927
pkeuntje4e@cnn.com,Female,5/11/1912,Se5znsHvOS8z,6 Kipling Court,1/3/2008
cfanner4f@nsw.gov.au,Male,8/24/1929,5fXnc8ryg,8423 Rieder Court,9/23/1950
vroset4g@geocities.jp,Agender,1/22/1956,emKDIQ,37810 Nelson Road,11/22/1938
wfredy4h@psu.edu,Female,8/5/2009,R4KeWVyL,0700 Sundown Terrace,2/4/2017
jswansborough4i@simplemachines.org,Male,8/9/1927,3TQpREy80Ajf,41 Steensland Park,10/7/1978
kdoag4j@ucla.edu,Female,10/27/1978,DwrcVV4EVHpD,7880 Dixon Circle,3/12/1926
dcompston4k@earthlink.net,Male,1/20/1994,JzAu1D,0934 Grim Trail,6/27/1985
srennolds4l@elegantthemes.com,Male,2/14/1997,EQVOJpyso4,915 Bellgrove Point,4/4/1921
tcoucher4m@arstechnica.com,Female,6/8/2015,vvCMOQAub7,1 Stuart Avenue,3/21/1973
eskilton4n@ucoz.com,Genderqueer,1/1/1958,PFToy1z6P,9454 Hoepker Junction,12/16/1985
rventum4o@cpanel.net,Male,11/11/1972,ShrprUg5,28291 Dakota Hill,10/6/2006
pkleiser4p@state.gov,Male,5/20/1932,VF73Vn,5 4th Plaza,10/5/1969
jrolston4q@istockphoto.com,Non-binary,11/5/1905,PjcNkq,58 Macpherson Terrace,1/18/1991
tgrahamslaw4r@google.co.uk,Female,2/16/1998,Puy3IT2CMs1Y,48422 Darwin Circle,6/8/1957
cgoodison4s@cpanel.net,Female,10/23/1986,qhMgwaR,4 Lawn Place,12/12/1947
rlatehouse4t@theglobeandmail.com,Female,8/21/1961,QVgiyayB3hrp,77 Loomis Way,4/16/1999
fredhole4u@yahoo.co.jp,Male,9/30/1924,9crvVLiAV,2942 Muir Terrace,3/23/2017
frubenovic4v@blogger.com,Female,6/3/2003,n3tQaUt4Qjq,27517 Pawling Way,6/20/1932
swinslade4w@yahoo.com,Male,1/26/1905,nyVAx6w,66 Maple Wood Pass,1/4/1985
etibbetts4x@cmu.edu,Male,10/12/2004,FdWwuhf5,35348 Village Point,4/29/2008
nstartin4y@un.org,Female,5/26/1922,iinqtPmA,65 Lyons Avenue,5/2/1986
dconibeer4z@cloudflare.com,Female,8/28/1950,4jsShvzK,9499 Fallview Crossing,1/2/1928
gshalloo50@deliciousdays.com,Male,10/30/1971,WC4QfKKF,1 Thierer Way,7/29/1956
rkinzel51@barnesandnoble.com,Female,7/27/1916,q6ucqO,41 Center Street,3/19/1940
priha52@moonfruit.com,Male,9/21/1963,rD2UlsIj,266 Vera Terrace,5/26/1942
khapgood53@ebay.com,Genderqueer,1/26/1951,ufGrrKysZqr,69 Sutteridge Lane,3/3/1946
gthomassen54@yolasite.com,Female,7/16/2022,8SjP7GF,67741 Annamark Crossing,4/12/1978
mroskilly55@opensource.org,Female,12/20/2000,sf9aQFOG,57609 Graceland Place,3/4/2005
gwhithorn56@imdb.com,Male,2/24/1956,gVfcabCeMW0,316 New Castle Center,11/18/1906
ssleath57@hubpages.com,Male,2/4/1912,l2uscl,2 Bobwhite Way,11/4/1935
cpadell58@answers.com,Male,2/7/1910,L8X26JoZaJ,10337 Vernon Pass,3/15/2011
tsymson59@barnesandnoble.com,Female,7/29/1971,lr5WiVX7y,5709 5th Pass,2/3/1974
fcamps5a@mtv.com,,9/10/1972,MeNlKe,08131 Shasta Plaza,5/10/1972
lpainten5b@cbc.ca,,5/11/1985,LdXtYh4Capb,34445 Hansons Terrace,12/30/1960
lvanner5c@delicious.com,Male,8/25/1939,eZsU8ugu,4 Westridge Trail,4/11/1944
gfreiberg5d@apple.com,Male,6/13/1954,hBdEOgzMUN,53888 Scoville Center,1/20/1943
calessandrucci5e@examiner.com,Female,4/18/1938,beTcEc,0726 Ruskin Lane,6/10/1963
ndyers5f@t.co,Male,5/14/1968,syYxDThLjAN,5 Shopko Avenue,8/22/1929
dchamp5g@delicious.com,Bigender,2/17/1980,6boRTKrhW,991 Summit Park,11/8/1988
dscryne5h@bigcartel.com,Male,9/7/1979,89bp1Rt93,19696 Steensland Point,9/27/1951
mschole5i@bigcartel.com,Male,3/2/2017,75Gcw3qr,1 Commercial Road,1/9/1999
ylyston5j@army.mil,Male,11/18/1938,5KaaZFGa5s,5 Scott Plaza,2/22/2018