numero_telephone,email
764942451,sbetjeman0@yolasite.com
683622500,scrunkhurn1@timesonline.co.uk
686764113,kstaddom2@google.de
627078123,awoodyatt3@arstechnica.com
709532394,gworviell4@php.net
795563255,ygane5@japanpost.jp
639974446,sswalwel6@nyu.edu
618193213,dbenko7@zimbio.com
616915052,hsaltsberger8@blogger.com
658736668,jgaitung9@ycombinator.com
697395297,amantona@berkeley.edu
780842331,greidb@squidoo.com
732798246,lmoaksonc@microsoft.com
631668406,kstaried@dyndns.org
612268916,gmanhoode@marriott.com
725486994,wfalloonf@infoseek.co.jp
672242032,shedgerg@constantcontact.com
670076361,jgavanh@nymag.com
697152132,tferraroi@cocolog-nifty.com
644851288,rmacgibbonj@tumblr.com
750908126,bricardonk@biglobe.ne.jp
616817396,bjosselsonl@gnu.org
651055027,jheyburnm@google.com.hk
738086006,tbendeln@usatoday.com
601494763,mscintsburyo@ucoz.ru
617721765,umundenp@spotify.com
680893406,jjuleffq@dot.gov
707212148,cpatingtonr@skyrock.com
764027222,rhiddys@ezinearticles.com
664069672,gcordeixt@sina.com.cn
663493361,kianiellou@newyorker.com
754729248,slathwoodv@ycombinator.com
778610863,vbuggsw@vinaora.com
777003839,mjustisx@blogs.com
717236872,jbrainey@stumbleupon.com
637302539,odumingoz@wordpress.com
639834918,cdochon10@alexa.com
625397205,mbroxton11@cnbc.com
617573559,lpeaple12@addthis.com
653664109,jaurelius13@mapy.cz
738625712,wmancktelow14@hao123.com
733062715,kfrackiewicz15@ft.com
616789670,lcochrane16@wikimedia.org
718611570,nhaet17@japanpost.jp
648105312,lferrai18@jalbum.net
697750742,egrumley19@github.io
715979398,bgodfrey1a@ucla.edu
608019183,ohouseley1b@desdev.cn
728262080,wannett1c@facebook.com
615345928,amarkovich1d@bigcartel.com
744651252,ddeleek1e@delicious.com
662481876,asawfoot1f@constantcontact.com
621954984,jhighway1g@loc.gov
627404679,aniccols1h@meetup.com
666737378,ahartburn1i@mapy.cz
794972003,hwisby1j@xrea.com
723714829,rpenvarden1k@yellowpages.com
716067528,llankester1l@hostgator.com
740000464,selsay1m@gizmodo.com
671603149,bdufty1n@is.gd
763217233,odurbyn1o@cloudflare.com
766103781,apettifor1p@hao123.com
638474619,somannion1q@instagram.com
773056904,bkinnock1r@bravesites.com
791606795,bashpole1s@thetimes.co.uk
716673169,fogormally1t@barnesandnoble.com
636543696,lchree1u@independent.co.uk
727122887,bffoulkes1v@chicagotribune.com
795075089,ktampling1w@illinois.edu
645398866,ffleckness1x@mozilla.org
630171695,xblockwell1y@omniture.com
701726504,kmcneachtain1z@cafepress.com
678407987,ckilminster20@infoseek.co.jp
642445777,lpawelski21@networkadvertising.org
626940737,bbills22@instagram.com
745317742,zhallbord23@icq.com
677249249,sdeeprose24@youtu.be
767740200,tlorking25@yolasite.com
713977766,lstoving26@dion.ne.jp
717379783,lfortnum27@msn.com
683573954,cjeandon28@msn.com
689530319,kheers29@cnbc.com
763481792,lrowat2a@opera.com
728979152,cgoodson2b@prlog.org
753866717,amonro2c@newyorker.com
618040962,ehartshorn2d@blinklist.com
738294302,amcbeith2e@blogtalkradio.com
774138535,kmaddyson2f@hp.com
696088172,sbearsmore2g@joomla.org
636132165,ccarle2h@google.cn
636600558,vgreenfield2i@google.com
627121191,jsilber2j@altervista.org
635621114,nnancarrow2k@simplemachines.org
682631945,uwrightham2l@ycombinator.com
700754795,dguerre2m@alibaba.com
720611909,bswanton2n@cornell.edu
725838232,blawly2o@pen.io
705855776,trichford2p@desdev.cn
608479233,bpagan2q@msn.com
665076599,kcasine2r@vistaprint.com
764451696,kocurran2s@taobao.com
769402479,ppetrulis2t@xing.com
688623219,dtelling2u@wikipedia.org
752114359,bpatis2v@nhs.uk
698588440,bcuncarr2w@berkeley.edu
709023338,pmckibbin2x@newsvine.com
652263188,rhartmann2y@noaa.gov
737458343,bdukelow2z@uiuc.edu
704169413,fcaffin30@opensource.org
798777373,nblacksland31@imgur.com
602722753,rfeld32@nasa.gov
769674635,strebbett33@wikia.com
608647745,ggolsworthy34@homestead.com
645316717,mburkitt35@ovh.net
704959699,ddearnley36@yellowpages.com
609158049,afenty37@webnode.com
798386638,tangood38@posterous.com
683165244,mchatt39@prlog.org
719202436,dcowx3a@scientificamerican.com
611068301,dbowcock3b@jigsy.com
600292518,cswane3c@etsy.com
774302396,mbeisley3d@oaic.gov.au
606870838,nramalhete3e@qq.com
701837025,jrase3f@answers.com
667430597,nlissandrini3g@newyorker.com
751293786,rbeardall3h@china.com.cn
636314454,hmattheissen3i@amazon.com
768943507,bshayes3j@usatoday.com
730560174,dmedendorp3k@instagram.com
708718625,gmargram3l@prweb.com
762367386,nderrell3m@shutterfly.com
657102644,abarritt3n@typepad.com
719387040,lroland3o@craigslist.org
600346484,omcglone3p@deliciousdays.com
727644920,bgladstone3q@fda.gov
650078335,msharpus3r@themeforest.net
615636687,rlangrish3s@msn.com
777763164,astratz3t@apache.org
750352282,dtozer3u@delicious.com
694140761,homoylane3v@youtu.be
780944174,cbritto3w@discovery.com
750819153,cpanchen3x@studiopress.com
744476193,awogdon3y@globo.com
747987435,kmound3z@uiuc.edu
727102287,pweedenburg40@dropbox.com
699724858,ecolliard41@aol.com
709369642,mkimblin42@blogspot.com
703775684,nlimprecht43@washingtonpost.com
753514939,ruwins44@nationalgeographic.com
693118796,mdovidian45@si.edu
681387975,mmcdougal46@xrea.com
758613102,lsnazle47@bbc.co.uk
747188895,achessill48@cdbaby.com
617651899,lmaccleod49@jimdo.com
782583047,astorm4a@amazon.co.jp
779316968,jubsdell4b@nydailynews.com
784555667,vheinert4c@mlb.com
775277114,csmallcomb4d@xing.com
729642407,rlambrick4e@nba.com
665116168,aworsnop4f@harvard.edu
754280052,rvongrollmann4g@slashdot.org
608511655,jlees4h@imdb.com
688940949,shogsden4i@home.pl
741960619,lrangall4j@miibeian.gov.cn
763063115,awenzel4k@ucoz.ru
738756618,pbinding4l@furl.net
698971185,hwhyler4m@loc.gov
701081220,dbatte4n@studiopress.com
602025302,wpeacock4o@jimdo.com
791885872,higlesiaz4p@weebly.com
702534925,gjennions4q@time.com
646525625,mdole4r@mediafire.com
739440832,omackelworth4s@mysql.com
727813173,gnavaro4t@fastcompany.com
792767022,lcastillon4u@surveymonkey.com
624045814,choys4v@mysql.com
679537754,hburchett4w@desdev.cn
670893055,bhallows4x@guardian.co.uk
739149455,fboog4y@tuttocitta.it
707375074,dclaisse4z@google.es
614676146,atitlow50@sciencedaily.com
738017330,dwenden51@youtube.com
743872404,llanceter52@harvard.edu
721999653,klewsy53@soup.io
630555265,lseer54@yolasite.com
638890993,gruberti55@gnu.org
645389395,ncathenod56@mac.com
632198043,jmisken57@globo.com
715000168,owhile58@acquirethisname.com
679555046,ctonbye59@amazon.de
605909707,tsandison5a@redcross.org
698911392,cdotterill5b@europa.eu
606238257,cfidian5c@symantec.com
687565502,lwinspear5d@army.mil
672457599,cmirfin5e@devhub.com
669949157,oshortt5f@telegraph.co.uk
672258822,shancke5g@goodreads.com
632939391,nthys5h@columbia.edu
726737577,cpryke5i@java.com
710026604,prizzotto5j@psu.edu